{
    "elements": [
        {
            "from": [ 4.5, 10.5, 6 ],
            "to": [ 11, 11, 7 ],
            "faces": {
                "down": { "uv": [ 4, 7.5, 10.5, 6.5 ], "texture": "#texture" },
                "up": { "uv": [ 1, 2, 7.5, 3 ], "texture": "#liquid" },
                "north": { "uv": [ 5.5, 5, 12, 5.5 ], "texture": "#texture" }
            }
        },
        {
            "from": [ 5, 10.5, 5.5 ],
            "to": [ 10.5, 11, 6 ],
            "faces": {
                "down": { "uv": [ 1.5, 2, 7, 1.5 ], "texture": "#texture" },
                "up": { "uv": [ 1.5, 1.5, 7, 2 ], "texture": "#liquid" },
                "north": { "uv": [ 9, 5, 14.5, 5.5 ], "texture": "#texture" }
            }
        },
        {
            "from": [ 5.5, 10.5, 5 ],
            "to": [ 10, 11, 5.5 ],
            "faces": {
                "down": { "uv": [ 2, 1.5, 6.5, 1 ], "texture": "#texture" },
                "up": { "uv": [ 2, 1, 6.5, 1.5 ], "texture": "#liquid" },
                "north": { "uv": [ 9.5, 5, 14, 5.5 ], "texture": "#texture" }
            }
        },
        {
            "from": [ 6.5, 10.5, 4.5 ],
            "to": [ 9, 11, 5 ],
            "faces": {
                "down": { "uv": [ 3, 1, 5.5, 0.5 ], "texture": "#texture" },
                "up": { "uv": [ 3, 0.5, 5.5, 1 ], "texture": "#liquid" }
            }
        },
        {
            "from": [ 6.5, 10.5, 11.5 ],
            "to": [ 9, 11, 12 ],
            "faces": {
                "down": { "uv": [ 3, 8, 5.5, 7.5 ], "texture": "#texture" },
                "up": { "uv": [ 3, 7.5, 5.5, 8 ], "texture": "#liquid" }
            }
        },
        {
            "from": [ 5.5, 10.5, 11 ],
            "to": [ 10, 11, 11.5 ],
            "faces": {
                "down": { "uv": [ 2, 7.5, 6.5, 7 ], "texture": "#texture" },
                "up": { "uv": [ 2, 7, 6.5, 7.5 ], "texture": "#liquid" },
                "south": { "uv": [ 2, 5, 6.5, 5.5 ], "texture": "#texture" }
            }
        },
        {
            "from": [ 5, 10.5, 10.5 ],
            "to": [ 10.5, 11, 11 ],
            "faces": {
                "down": { "uv": [ 1.5, 7, 7, 6.5 ], "texture": "#texture" },
                "up": { "uv": [ 1.5, 6.5, 7, 7 ], "texture": "#liquid" },
                "south": { "uv": [ 1.5, 5, 7, 5.5 ], "texture": "#texture" }
            }
        },
        {
            "from": [ 4.5, 10.5, 9.5 ],
            "to": [ 11, 11, 10.5 ],
            "faces": {
                "down": { "uv": [ 4, 11, 10.5, 10 ], "texture": "#texture" },
                "up": { "uv": [ 1, 5.5, 7.5, 6.5 ], "texture": "#liquid" },
                "south": { "uv": [ 4, 5, 10.5, 5.5 ], "texture": "#texture" }
            }
        },
        {
            "from": [ 4, 10.5, 7 ],
            "to": [ 11.5, 11, 9.5 ],
            "faces": {
                "down": { "uv": [ 3.5, 10, 11, 7.5 ], "texture": "#texture" },
                "up": { "uv": [ 0.5, 3, 8, 5.5 ], "texture": "#liquid" },
                "north": { "uv": [ 5, 5, 12.5, 5.5 ], "texture": "#texture" },
                "south": { "uv": [ 3.5, 5, 11, 5.5 ], "texture": "#texture" }
            }
        },
        {
            "from": [ 6.5, 5, 5 ],
            "to": [ 9, 5.5, 5.5 ],
            "faces": {
                "down": { "uv": [ 3, 1.5, 5.5, 1 ], "texture": "#texture" },
                "up": { "uv": [ 3, 1, 5.5, 1.5 ], "texture": "#texture" },
                "north": { "uv": [ 10.5, 10.5, 13, 11 ], "texture": "#texture" },
                "west": { "uv": [ 1, 10.5, 1.5, 11 ], "texture": "#texture" },
                "east": { "uv": [ 14.5, 10.5, 15, 11 ], "texture": "#texture" }
            }
        },
        {
            "from": [ 6.5, 5, 11 ],
            "to": [ 9, 5.5, 11.5 ],
            "faces": {
                "down": { "uv": [ 3, 7.5, 5.5, 7 ], "texture": "#texture" },
                "up": { "uv": [ 3, 7, 5.5, 7.5 ], "texture": "#texture" },
                "south": { "uv": [ 3, 10.5, 5.5, 11 ], "texture": "#texture" },
                "west": { "uv": [ 7, 10.5, 7.5, 11 ], "texture": "#texture" },
                "east": { "uv": [ 8.5, 10.5, 9, 11 ], "texture": "#texture" }
            }
        },
        {
            "from": [ 5.5, 5, 10.5 ],
            "to": [ 10, 5.5, 11 ],
            "faces": {
                "down": { "uv": [ 2, 7, 6.5, 6.5 ], "texture": "#texture" },
                "up": { "uv": [ 2, 6.5, 6.5, 7 ], "texture": "#texture" },
                "south": { "uv": [ 2, 10.5, 6.5, 11 ], "texture": "#texture" },
                "west": { "uv": [ 6.5, 10.5, 7, 11 ], "texture": "#texture" },
                "east": { "uv": [ 9, 10.5, 9.5, 11 ], "texture": "#texture" }
            }
        },
        {
            "from": [ 5.5, 5, 5.5 ],
            "to": [ 10, 5.5, 6 ],
            "faces": {
                "down": { "uv": [ 2, 2, 6.5, 1.5 ], "texture": "#texture" },
                "up": { "uv": [ 2, 1.5, 6.5, 2 ], "texture": "#texture" },
                "north": { "uv": [ 9.5, 10.5, 14, 11 ], "texture": "#texture" },
                "west": { "uv": [ 1.5, 10.5, 2, 11 ], "texture": "#texture" },
                "east": { "uv": [ 14, 10.5, 14.5, 11 ], "texture": "#texture" }
            }
        },
        {
            "from": [ 5, 5, 9.5 ],
            "to": [ 10.5, 5.5, 10.5 ],
            "faces": {
                "down": { "uv": [ 1.5, 6.5, 7, 5.5 ], "texture": "#texture" },
                "up": { "uv": [ 1.5, 5.5, 7, 6.5 ], "texture": "#texture" },
                "south": { "uv": [ 1.5, 10.5, 7, 11 ], "texture": "#texture" },
                "west": { "uv": [ 5.5, 10.5, 6.5, 11 ], "texture": "#texture" },
                "east": { "uv": [ 9.5, 10.5, 10.5, 11 ], "texture": "#texture" }
            }
        },
        {
            "from": [ 5, 5, 6 ],
            "to": [ 10.5, 5.5, 7 ],
            "faces": {
                "down": { "uv": [ 1.5, 3, 7, 2 ], "texture": "#texture" },
                "up": { "uv": [ 1.5, 2, 7, 3 ], "texture": "#texture" },
                "north": { "uv": [ 9, 10.5, 14.5, 11 ], "texture": "#texture" },
                "west": { "uv": [ 2, 10.5, 3, 11 ], "texture": "#texture" },
                "east": { "uv": [ 13, 10.5, 14, 11 ], "texture": "#texture" }
            }
        },
        {
            "from": [ 4.5, 5, 7 ],
            "to": [ 11, 5.5, 9.5 ],
            "faces": {
                "down": { "uv": [ 1, 5.5, 7.5, 3 ], "texture": "#texture" },
                "up": { "uv": [ 1, 3, 7.5, 5.5 ], "texture": "#texture" },
                "north": { "uv": [ 8.5, 10.5, 15, 11 ], "texture": "#texture" },
                "south": { "uv": [ 1, 10.5, 7.5, 11 ], "texture": "#texture" },
                "west": { "uv": [ 3, 10.5, 5.5, 11 ], "texture": "#texture" },
                "east": { "uv": [ 10.5, 10.5, 13, 11 ], "texture": "#texture" }
            }
        },
        {
            "from": [ 6.5, 5.5, 11.5 ],
            "to": [ 9, 6, 12 ],
            "faces": {
                "down": { "uv": [ 3, 8, 5.5, 7.5 ], "texture": "#texture" },
                "up": { "uv": [ 3, 7.5, 5.5, 8 ], "texture": "#texture" },
                "north": { "uv": [ 10.5, 10, 13, 10.5 ], "texture": "#texture" },
                "south": { "uv": [ 3, 10, 5.5, 10.5 ], "texture": "#texture" },
                "west": { "uv": [ 7.5, 10, 8, 10.5 ], "texture": "#texture" },
                "east": { "uv": [ 8, 10, 8.5, 10.5 ], "texture": "#texture" }
            }
        },
        {
            "from": [ 6.5, 5.5, 4.5 ],
            "to": [ 9, 6, 5 ],
            "faces": {
                "down": { "uv": [ 3, 1, 5.5, 0.5 ], "texture": "#texture" },
                "up": { "uv": [ 3, 0.5, 5.5, 1 ], "texture": "#texture" },
                "north": { "uv": [ 10.5, 10, 13, 10.5 ], "texture": "#texture" },
                "south": { "uv": [ 3, 10, 5.5, 10.5 ], "texture": "#texture" },
                "west": { "uv": [ 0.5, 10, 1, 10.5 ], "texture": "#texture" },
                "east": { "uv": [ 15, 10, 15.5, 10.5 ], "texture": "#texture" }
            }
        },
        {
            "from": [ 5.5, 5.5, 5 ],
            "to": [ 6.5, 6, 5.5 ],
            "faces": {
                "down": { "uv": [ 2, 1.5, 3, 1 ], "texture": "#texture" },
                "up": { "uv": [ 2, 1, 3, 1.5 ], "texture": "#texture" },
                "north": { "uv": [ 13, 10, 14, 10.5 ], "texture": "#texture" },
                "south": { "uv": [ 2, 10, 3, 10.5 ], "texture": "#texture" },
                "west": { "uv": [ 1, 10, 1.5, 10.5 ], "texture": "#texture" },
                "east": { "uv": [ 14.5, 10, 15, 10.5 ], "texture": "#texture" }
            }
        },
        {
            "from": [ 5.5, 5.5, 11 ],
            "to": [ 6.5, 6, 11.5 ],
            "faces": {
                "down": { "uv": [ 2, 7.5, 3, 7 ], "texture": "#texture" },
                "up": { "uv": [ 2, 7, 3, 7.5 ], "texture": "#texture" },
                "north": { "uv": [ 13, 10, 14, 10.5 ], "texture": "#texture" },
                "south": { "uv": [ 2, 10, 3, 10.5 ], "texture": "#texture" },
                "west": { "uv": [ 7, 10, 7.5, 10.5 ], "texture": "#texture" },
                "east": { "uv": [ 8.5, 10, 9, 10.5 ], "texture": "#texture" }
            }
        },
        {
            "from": [ 9, 5.5, 11 ],
            "to": [ 10, 6, 11.5 ],
            "faces": {
                "down": { "uv": [ 5.5, 7.5, 6.5, 7 ], "texture": "#texture" },
                "up": { "uv": [ 5.5, 7, 6.5, 7.5 ], "texture": "#texture" },
                "north": { "uv": [ 9.5, 10, 10.5, 10.5 ], "texture": "#texture" },
                "south": { "uv": [ 5.5, 10, 6.5, 10.5 ], "texture": "#texture" },
                "west": { "uv": [ 7, 10, 7.5, 10.5 ], "texture": "#texture" },
                "east": { "uv": [ 8.5, 10, 9, 10.5 ], "texture": "#texture" }
            }
        },
        {
            "from": [ 9, 5.5, 5 ],
            "to": [ 10, 6, 5.5 ],
            "faces": {
                "down": { "uv": [ 5.5, 1.5, 6.5, 1 ], "texture": "#texture" },
                "up": { "uv": [ 5.5, 1, 6.5, 1.5 ], "texture": "#texture" },
                "north": { "uv": [ 9.5, 10, 10.5, 10.5 ], "texture": "#texture" },
                "south": { "uv": [ 5.5, 10, 6.5, 10.5 ], "texture": "#texture" },
                "west": { "uv": [ 1, 10, 1.5, 10.5 ], "texture": "#texture" },
                "east": { "uv": [ 14.5, 10, 15, 10.5 ], "texture": "#texture" }
            }
        },
        {
            "from": [ 10, 5.5, 5.5 ],
            "to": [ 10.5, 6, 6 ],
            "faces": {
                "down": { "uv": [ 6.5, 2, 7, 1.5 ], "texture": "#texture" },
                "up": { "uv": [ 6.5, 1.5, 7, 2 ], "texture": "#texture" },
                "north": { "uv": [ 9, 10, 9.5, 10.5 ], "texture": "#texture" },
                "south": { "uv": [ 6.5, 10, 7, 10.5 ], "texture": "#texture" },
                "west": { "uv": [ 1.5, 10, 2, 10.5 ], "texture": "#texture" },
                "east": { "uv": [ 14, 10, 14.5, 10.5 ], "texture": "#texture" }
            }
        },
        {
            "from": [ 5, 5.5, 5.5 ],
            "to": [ 5.5, 6, 6 ],
            "faces": {
                "down": { "uv": [ 1.5, 2, 2, 1.5 ], "texture": "#texture" },
                "up": { "uv": [ 1.5, 1.5, 2, 2 ], "texture": "#texture" },
                "north": { "uv": [ 14, 10, 14.5, 10.5 ], "texture": "#texture" },
                "south": { "uv": [ 1.5, 10, 2, 10.5 ], "texture": "#texture" },
                "west": { "uv": [ 1.5, 10, 2, 10.5 ], "texture": "#texture" },
                "east": { "uv": [ 14, 10, 14.5, 10.5 ], "texture": "#texture" }
            }
        },
        {
            "from": [ 5, 5.5, 10.5 ],
            "to": [ 5.5, 6, 11 ],
            "faces": {
                "down": { "uv": [ 1.5, 7, 2, 6.5 ], "texture": "#texture" },
                "up": { "uv": [ 1.5, 6.5, 2, 7 ], "texture": "#texture" },
                "north": { "uv": [ 14, 10, 14.5, 10.5 ], "texture": "#texture" },
                "south": { "uv": [ 1.5, 10, 2, 10.5 ], "texture": "#texture" },
                "west": { "uv": [ 6.5, 10, 7, 10.5 ], "texture": "#texture" },
                "east": { "uv": [ 9, 10, 9.5, 10.5 ], "texture": "#texture" }
            }
        },
        {
            "from": [ 10, 5.5, 10.5 ],
            "to": [ 10.5, 6, 11 ],
            "faces": {
                "down": { "uv": [ 6.5, 7, 7, 6.5 ], "texture": "#texture" },
                "up": { "uv": [ 6.5, 6.5, 7, 7 ], "texture": "#texture" },
                "north": { "uv": [ 9, 10, 9.5, 10.5 ], "texture": "#texture" },
                "south": { "uv": [ 6.5, 10, 7, 10.5 ], "texture": "#texture" },
                "west": { "uv": [ 6.5, 10, 7, 10.5 ], "texture": "#texture" },
                "east": { "uv": [ 9, 10, 9.5, 10.5 ], "texture": "#texture" }
            }
        },
        {
            "from": [ 10.5, 5.5, 9.5 ],
            "to": [ 11, 6, 10.5 ],
            "faces": {
                "down": { "uv": [ 7, 6.5, 7.5, 5.5 ], "texture": "#texture" },
                "up": { "uv": [ 7, 5.5, 7.5, 6.5 ], "texture": "#texture" },
                "north": { "uv": [ 8.5, 10, 9, 10.5 ], "texture": "#texture" },
                "south": { "uv": [ 7, 10, 7.5, 10.5 ], "texture": "#texture" },
                "west": { "uv": [ 5.5, 10, 6.5, 10.5 ], "texture": "#texture" },
                "east": { "uv": [ 9.5, 10, 10.5, 10.5 ], "texture": "#texture" }
            }
        },
        {
            "from": [ 4.5, 5.5, 9.5 ],
            "to": [ 5, 6, 10.5 ],
            "faces": {
                "down": { "uv": [ 1, 6.5, 1.5, 5.5 ], "texture": "#texture" },
                "up": { "uv": [ 1, 5.5, 1.5, 6.5 ], "texture": "#texture" },
                "north": { "uv": [ 14.5, 10, 15, 10.5 ], "texture": "#texture" },
                "south": { "uv": [ 1, 10, 1.5, 10.5 ], "texture": "#texture" },
                "west": { "uv": [ 5.5, 10, 6.5, 10.5 ], "texture": "#texture" },
                "east": { "uv": [ 9.5, 10, 10.5, 10.5 ], "texture": "#texture" }
            }
        },
        {
            "from": [ 4.5, 5.5, 6 ],
            "to": [ 5, 6, 7 ],
            "faces": {
                "down": { "uv": [ 1, 3, 1.5, 2 ], "texture": "#texture" },
                "up": { "uv": [ 1, 2, 1.5, 3 ], "texture": "#texture" },
                "north": { "uv": [ 14.5, 10, 15, 10.5 ], "texture": "#texture" },
                "south": { "uv": [ 1, 10, 1.5, 10.5 ], "texture": "#texture" },
                "west": { "uv": [ 2, 10, 3, 10.5 ], "texture": "#texture" },
                "east": { "uv": [ 13, 10, 14, 10.5 ], "texture": "#texture" }
            }
        },
        {
            "from": [ 10.5, 5.5, 6 ],
            "to": [ 11, 6, 7 ],
            "faces": {
                "down": { "uv": [ 7, 3, 7.5, 2 ], "texture": "#texture" },
                "up": { "uv": [ 7, 2, 7.5, 3 ], "texture": "#texture" },
                "north": { "uv": [ 8.5, 10, 9, 10.5 ], "texture": "#texture" },
                "south": { "uv": [ 7, 10, 7.5, 10.5 ], "texture": "#texture" },
                "west": { "uv": [ 2, 10, 3, 10.5 ], "texture": "#texture" },
                "east": { "uv": [ 13, 10, 14, 10.5 ], "texture": "#texture" }
            }
        },
        {
            "from": [ 11, 5.5, 7 ],
            "to": [ 11.5, 6, 9.5 ],
            "faces": {
                "down": { "uv": [ 7.5, 5.5, 8, 3 ], "texture": "#texture" },
                "up": { "uv": [ 7.5, 3, 8, 5.5 ], "texture": "#texture" },
                "north": { "uv": [ 8, 10, 8.5, 10.5 ], "texture": "#texture" },
                "south": { "uv": [ 7.5, 10, 8, 10.5 ], "texture": "#texture" },
                "west": { "uv": [ 3, 10, 5.5, 10.5 ], "texture": "#texture" },
                "east": { "uv": [ 10.5, 10, 13, 10.5 ], "texture": "#texture" }
            }
        },
        {
            "from": [ 4, 5.5, 7 ],
            "to": [ 4.5, 6, 9.5 ],
            "faces": {
                "down": { "uv": [ 0.5, 5.5, 1, 3 ], "texture": "#texture" },
                "up": { "uv": [ 0.5, 3, 1, 5.5 ], "texture": "#texture" },
                "north": { "uv": [ 15, 10, 15.5, 10.5 ], "texture": "#texture" },
                "south": { "uv": [ 0.5, 10, 1, 10.5 ], "texture": "#texture" },
                "west": { "uv": [ 3, 10, 5.5, 10.5 ], "texture": "#texture" },
                "east": { "uv": [ 10.5, 10, 13, 10.5 ], "texture": "#texture" }
            }
        },
        {
            "from": [ 3.5, 6, 7 ],
            "to": [ 4, 12.75, 9.5 ],
            "faces": {
                "down": { "uv": [ 0, 5.5, 0.5, 3 ], "texture": "#texture" },
                "up": { "uv": [ 0, 3, 0.5, 5.5 ], "texture": "#texture" },
                "north": { "uv": [ 15.5, 3.25, 16, 10 ], "texture": "#texture" },
                "south": { "uv": [ 0, 3.25, 0.5, 10 ], "texture": "#texture" },
                "west": { "uv": [ 3, 3.25, 5.5, 10 ], "texture": "#texture" },
                "east": { "uv": [ 10.5, 3.25, 13, 10 ], "texture": "#texture" }
            }
        },
        {
            "from": [ 11.5, 6, 7 ],
            "to": [ 12, 12.75, 9.5 ],
            "faces": {
                "down": { "uv": [ 8, 5.5, 8.5, 3 ], "texture": "#texture" },
                "up": { "uv": [ 8, 3, 8.5, 5.5 ], "texture": "#texture" },
                "north": { "uv": [ 7.5, 3.25, 8, 10 ], "texture": "#texture" },
                "south": { "uv": [ 8, 3.25, 8.5, 10 ], "texture": "#texture" },
                "west": { "uv": [ 3, 3.25, 5.5, 10 ], "texture": "#texture" },
                "east": { "uv": [ 10.5, 3.25, 13, 10 ], "texture": "#texture" }
            }
        },
        {
            "from": [ 4, 6, 9.5 ],
            "to": [ 4.5, 12.75, 10.5 ],
            "faces": {
                "down": { "uv": [ 0.5, 6.5, 1, 5.5 ], "texture": "#texture" },
                "up": { "uv": [ 0.5, 5.5, 1, 6.5 ], "texture": "#texture" },
                "north": { "uv": [ 15, 3.25, 15.5, 10 ], "texture": "#texture" },
                "south": { "uv": [ 0.5, 3.25, 1, 10 ], "texture": "#texture" },
                "west": { "uv": [ 5.5, 3.25, 6.5, 10 ], "texture": "#texture" },
                "east": { "uv": [ 9.5, 3.25, 10.5, 10 ], "texture": "#texture" }
            }
        },
        {
            "from": [ 4, 6, 6 ],
            "to": [ 4.5, 12.75, 7 ],
            "faces": {
                "down": { "uv": [ 0.5, 3, 1, 2 ], "texture": "#texture" },
                "up": { "uv": [ 0.5, 2, 1, 3 ], "texture": "#texture" },
                "north": { "uv": [ 15, 3.25, 15.5, 10 ], "texture": "#texture" },
                "south": { "uv": [ 0.5, 3.25, 1, 10 ], "texture": "#texture" },
                "west": { "uv": [ 2, 3.25, 3, 10 ], "texture": "#texture" },
                "east": { "uv": [ 13, 3.25, 14, 10 ], "texture": "#texture" }
            }
        },
        {
            "from": [ 11, 6, 9.5 ],
            "to": [ 11.5, 12.75, 10.5 ],
            "faces": {
                "down": { "uv": [ 7.5, 6.5, 8, 5.5 ], "texture": "#texture" },
                "up": { "uv": [ 7.5, 5.5, 8, 6.5 ], "texture": "#texture" },
                "north": { "uv": [ 8, 3.25, 8.5, 10 ], "texture": "#texture" },
                "south": { "uv": [ 7.5, 3.25, 8, 10 ], "texture": "#texture" },
                "west": { "uv": [ 5.5, 3.25, 6.5, 10 ], "texture": "#texture" },
                "east": { "uv": [ 9.5, 3.25, 10.5, 10 ], "texture": "#texture" }
            }
        },
        {
            "from": [ 11, 6, 6 ],
            "to": [ 11.5, 12.75, 7 ],
            "faces": {
                "down": { "uv": [ 7.5, 3, 8, 2 ], "texture": "#texture" },
                "up": { "uv": [ 7.5, 2, 8, 3 ], "texture": "#texture" },
                "north": { "uv": [ 8, 3.25, 8.5, 10 ], "texture": "#texture" },
                "south": { "uv": [ 7.5, 3.25, 8, 10 ], "texture": "#texture" },
                "west": { "uv": [ 2, 3.25, 3, 10 ], "texture": "#texture" },
                "east": { "uv": [ 13, 3.25, 14, 10 ], "texture": "#texture" }
            }
        },
        {
            "from": [ 10.5, 6, 10.5 ],
            "to": [ 11, 12.75, 11 ],
            "faces": {
                "down": { "uv": [ 7, 7, 7.5, 6.5 ], "texture": "#texture" },
                "up": { "uv": [ 7, 6.5, 7.5, 7 ], "texture": "#texture" },
                "north": { "uv": [ 8.5, 3.25, 9, 10 ], "texture": "#texture" },
                "west": { "uv": [ 6.5, 3.25, 7, 10 ], "texture": "#texture" },
                "east": { "uv": [ 9, 3.25, 9.5, 10 ], "texture": "#texture" }
            }
        },
        {
            "from": [ 4.5, 6, 10.5 ],
            "to": [ 5, 12.75, 11 ],
            "faces": {
                "down": { "uv": [ 1, 7, 1.5, 6.5 ], "texture": "#texture" },
                "up": { "uv": [ 1, 6.5, 1.5, 7 ], "texture": "#texture" },
                "north": { "uv": [ 14.5, 3.25, 15, 10 ], "texture": "#texture" },
                "west": { "uv": [ 6.5, 3.25, 7, 10 ], "texture": "#texture" },
                "east": { "uv": [ 9, 3.25, 9.5, 10 ], "texture": "#texture" }
            }
        },
        {
            "from": [ 4.5, 6, 5.5 ],
            "to": [ 5, 12.75, 6 ],
            "faces": {
                "down": { "uv": [ 1, 2, 1.5, 1.5 ], "texture": "#texture" },
                "up": { "uv": [ 1, 1.5, 1.5, 2 ], "texture": "#texture" },
                "south": { "uv": [ 1, 3.25, 1.5, 10 ], "texture": "#texture" },
                "west": { "uv": [ 1.5, 3.25, 2, 10 ], "texture": "#texture" },
                "east": { "uv": [ 14, 3.25, 14.5, 10 ], "texture": "#texture" }
            }
        },
        {
            "from": [ 10.5, 6, 5.5 ],
            "to": [ 11, 12.75, 6 ],
            "faces": {
                "down": { "uv": [ 7, 2, 7.5, 1.5 ], "texture": "#texture" },
                "up": { "uv": [ 7, 1.5, 7.5, 2 ], "texture": "#texture" },
                "south": { "uv": [ 7, 3.25, 7.5, 10 ], "texture": "#texture" },
                "west": { "uv": [ 1.5, 3.25, 2, 10 ], "texture": "#texture" },
                "east": { "uv": [ 14, 3.25, 14.5, 10 ], "texture": "#texture" }
            }
        },
        {
            "from": [ 10, 6, 11 ],
            "to": [ 11, 12.75, 11.5 ],
            "faces": {
                "down": { "uv": [ 6.5, 7.5, 7.5, 7 ], "texture": "#texture" },
                "up": { "uv": [ 6.5, 7, 7.5, 7.5 ], "texture": "#texture" },
                "north": { "uv": [ 8.5, 3.25, 9.5, 10 ], "texture": "#texture" },
                "south": { "uv": [ 6.5, 3.25, 7.5, 10 ], "texture": "#texture" },
                "west": { "uv": [ 7, 3.25, 7.5, 10 ], "texture": "#texture" },
                "east": { "uv": [ 8.5, 3.25, 9, 10 ], "texture": "#texture" }
            }
        },
        {
            "from": [ 4.5, 6, 11 ],
            "to": [ 5.5, 12.75, 11.5 ],
            "faces": {
                "down": { "uv": [ 1, 7.5, 2, 7 ], "texture": "#texture" },
                "up": { "uv": [ 1, 7, 2, 7.5 ], "texture": "#texture" },
                "north": { "uv": [ 14, 3.25, 15, 10 ], "texture": "#texture" },
                "south": { "uv": [ 1, 3.25, 2, 10 ], "texture": "#texture" },
                "west": { "uv": [ 7, 3.25, 7.5, 10 ], "texture": "#texture" },
                "east": { "uv": [ 8.5, 3.25, 9, 10 ], "texture": "#texture" }
            }
        },
        {
            "from": [ 4.5, 6, 5 ],
            "to": [ 5.5, 12.75, 5.5 ],
            "faces": {
                "down": { "uv": [ 1, 1.5, 2, 1 ], "texture": "#texture" },
                "up": { "uv": [ 1, 1, 2, 1.5 ], "texture": "#texture" },
                "north": { "uv": [ 14, 3.25, 15, 10 ], "texture": "#texture" },
                "south": { "uv": [ 1, 3.25, 2, 10 ], "texture": "#texture" },
                "west": { "uv": [ 1, 3.25, 1.5, 10 ], "texture": "#texture" },
                "east": { "uv": [ 14.5, 3.25, 15, 10 ], "texture": "#texture" }
            }
        },
        {
            "from": [ 9, 6, 4.5 ],
            "to": [ 10, 12.75, 5 ],
            "faces": {
                "down": { "uv": [ 5.5, 1, 6.5, 0.5 ], "texture": "#texture" },
                "up": { "uv": [ 5.5, 0.5, 6.5, 1 ], "texture": "#texture" },
                "north": { "uv": [ 9.5, 3.25, 10.5, 10 ], "texture": "#texture" },
                "south": { "uv": [ 5.5, 3.25, 6.5, 10 ], "texture": "#texture" },
                "west": { "uv": [ 0.5, 3.25, 1, 10 ], "texture": "#texture" },
                "east": { "uv": [ 15, 3.25, 15.5, 10 ], "texture": "#texture" }
            }
        },
        {
            "from": [ 9, 6, 11.5 ],
            "to": [ 10, 12.75, 12 ],
            "faces": {
                "down": { "uv": [ 5.5, 8, 6.5, 7.5 ], "texture": "#texture" },
                "up": { "uv": [ 5.5, 7.5, 6.5, 8 ], "texture": "#texture" },
                "north": { "uv": [ 9.5, 3.25, 10.5, 10 ], "texture": "#texture" },
                "south": { "uv": [ 5.5, 3.25, 6.5, 10 ], "texture": "#texture" },
                "west": { "uv": [ 7.5, 3.25, 8, 10 ], "texture": "#texture" },
                "east": { "uv": [ 8, 3.25, 8.5, 10 ], "texture": "#texture" }
            }
        },
        {
            "from": [ 5.5, 6, 11.5 ],
            "to": [ 6.5, 12.75, 12 ],
            "faces": {
                "down": { "uv": [ 2, 8, 3, 7.5 ], "texture": "#texture" },
                "up": { "uv": [ 2, 7.5, 3, 8 ], "texture": "#texture" },
                "north": { "uv": [ 13, 3.25, 14, 10 ], "texture": "#texture" },
                "south": { "uv": [ 2, 3.25, 3, 10 ], "texture": "#texture" },
                "west": { "uv": [ 7.5, 3.25, 8, 10 ], "texture": "#texture" },
                "east": { "uv": [ 8, 3.25, 8.5, 10 ], "texture": "#texture" }
            }
        },
        {
            "from": [ 5.5, 6, 4.5 ],
            "to": [ 6.5, 12.75, 5 ],
            "faces": {
                "down": { "uv": [ 2, 1, 3, 0.5 ], "texture": "#texture" },
                "up": { "uv": [ 2, 0.5, 3, 1 ], "texture": "#texture" },
                "north": { "uv": [ 13, 3.25, 14, 10 ], "texture": "#texture" },
                "south": { "uv": [ 2, 3.25, 3, 10 ], "texture": "#texture" },
                "west": { "uv": [ 0.5, 3.25, 1, 10 ], "texture": "#texture" },
                "east": { "uv": [ 15, 3.25, 15.5, 10 ], "texture": "#texture" }
            }
        },
        {
            "from": [ 10, 6, 5 ],
            "to": [ 11, 12.75, 5.5 ],
            "faces": {
                "down": { "uv": [ 6.5, 1.5, 7.5, 1 ], "texture": "#texture" },
                "up": { "uv": [ 6.5, 1, 7.5, 1.5 ], "texture": "#texture" },
                "north": { "uv": [ 8.5, 3.25, 9.5, 10 ], "texture": "#texture" },
                "south": { "uv": [ 6.5, 3.25, 7.5, 10 ], "texture": "#texture" },
                "west": { "uv": [ 1, 3.25, 1.5, 10 ], "texture": "#texture" },
                "east": { "uv": [ 14.5, 3.25, 15, 10 ], "texture": "#texture" }
            }
        },
        {
            "from": [ 6.5, 6, 12 ],
            "to": [ 9, 12.75, 12.5 ],
            "faces": {
                "down": { "uv": [ 3, 8.5, 5.5, 8 ], "texture": "#texture" },
                "up": { "uv": [ 3, 8, 5.5, 8.5 ], "texture": "#texture" },
                "north": { "uv": [ 10.5, 3.25, 13, 10 ], "texture": "#texture" },
                "south": { "uv": [ 3, 3.25, 5.5, 10 ], "texture": "#texture" },
                "west": { "uv": [ 8, 3.25, 8.5, 10 ], "texture": "#texture" },
                "east": { "uv": [ 7.5, 3.25, 8, 10 ], "texture": "#texture" }
            }
        },
        {
            "from": [ 6.5, 6, 4 ],
            "to": [ 9, 12.75, 4.5 ],
            "faces": {
                "down": { "uv": [ 3, 0.5, 5.5, 0 ], "texture": "#texture" },
                "up": { "uv": [ 3, 0, 5.5, 0.5 ], "texture": "#texture" },
                "north": { "uv": [ 10.5, 3.25, 13, 10 ], "texture": "#texture" },
                "south": { "uv": [ 3, 3.25, 5.5, 10 ], "texture": "#texture" },
                "west": { "uv": [ 0, 3.25, 0.5, 10 ], "texture": "#texture" },
                "east": { "uv": [ 15.5, 3.25, 16, 10 ], "texture": "#texture" }
            }
        }
    ],
    "display": {
        "thirdperson_righthand": {
            "rotation": [ 0, 0, 0 ],
            "translation": [ -1.7, -0.57, 0.57 ],
            "scale": [ 0.5, 0.5, 0.5 ]
        },
        "thirdperson_lefthand": {
            "rotation": [ 0, 0, 0 ],
            "translation": [ -1.7, -0.57, 0.57 ],
            "scale": [ 0.5, 0.5, 0.5 ]
        },
        "ground": {
            "rotation": [ 0, 0, 0 ],
            "translation": [ 0, 0, 0 ],
            "scale": [ 1, 1, 1 ]
        },
        "fixed": {
            "rotation": [ -45, 0, 0 ],
            "translation": [ 0, -2.27, -7.75 ],
            "scale": [ 2, 2, 2 ]
        },
        "firstperson_righthand": {
            "rotation": [ 0, 0, 0 ],
            "translation": [ 0, -0.38, -0.76 ],
            "scale": [ 0.8, 0.8, 0.8 ]
        },
        "firstperson_lefthand": {
            "rotation": [ 0, 0, 9 ],
            "translation": [ 0, -0.38, -0.76 ],
            "scale": [ 0.8, 0.8, 0.8 ]
        },
        "gui": {
            "rotation": [ 20, 0, 0 ],
            "translation": [ 0, -0.76, 0 ],
            "scale": [ 1.2, 1.2, 1.2 ]
        }
    }
}
