{
    "parent": "item/handheld",
    "textures": {
        "layer0": "avatarmc:prof/junk/mithridate"
    },
    "display": {
        "thirdperson_righthand": {
            "rotation": [ 0, 0, 0 ],
            "translation": [ 0, 2, 1 ],
            "scale": [ 0.65, 0.65, 0.5 ]
        },
        "thirdperson_lefthand": {
            "rotation": [ 0, 0, 0 ],
            "translation": [ 0, 2, 1 ],
            "scale": [ 0.65, 0.65, 0.5 ]
        },
        "firstperson_righthand": {
            "rotation": [ 0, -65, 0 ],
            "translation": [ 0, 2, 0 ],
            "scale": [ 0.65, 0.65, 0.5 ]
        },
        "firstperson_lefthand": {
            "rotation": [ 0, -65, 0 ],
            "translation": [ 0, 2, 0 ],
            "scale": [ 0.65, 0.65, 0.5 ]
        },
        "gui": {
            "rotation": [ 0, 0, 0 ],
            "translation": [ 0, 0, 0 ],
            "scale": [ 0.85, 0.85, 0.5 ]
        },
        "ground": {
            "rotation": [ 0, 0, 0 ],
            "translation": [ 0, 1, 0 ],
            "scale": [ 0.65, 0.65, 0.5 ]
        },
        "fixed": {
            "rotation": [ 0, 0, 0 ],
            "translation": [ 0, 0, 0 ],
            "scale": [ 1, 1, 0.5 ]
        }
    }
}
