{
    "custom/bwake_bss_ambient": {
        "sounds": [
            {
                "name": "avatarmc:custom/bwake_bss_ambient",
                "stream": true,
                "attenuation_distance": 65535
            }
        ]
    },
    "custom/bwake_bss": {
        "sounds": [
            {
                "name": "avatarmc:custom/bwake_bss",
                "stream": true,
                "attenuation_distance": 65535
            }
        ]
    },
    "custom/bwake_eat_ambient": {
        "sounds": [
            {
                "name": "avatarmc:custom/bwake_eat_ambient",
                "stream": true,
                "attenuation_distance": 65535
            }
        ]
    },
    "custom/bwake_eat": {
        "sounds": [
            {
                "name": "avatarmc:custom/bwake_eat",
                "stream": true,
                "attenuation_distance": 65535
            }
        ]
    },
    "custom/bwake_fnc_ambient": {
        "sounds": [
            {
                "name": "avatarmc:custom/bwake_fnc_ambient",
                "stream": true,
                "attenuation_distance": 65535
            }
        ]
    },
    "custom/bwake_fnc": {
        "sounds": [
            {
                "name": "avatarmc:custom/bwake_fnc",
                "stream": true,
                "attenuation_distance": 65535
            }
        ]
    },
    "custom/bwake_mpo_meme": {
        "sounds": [
            {
                "name": "avatarmc:custom/bwake_mpo_meme",
                "stream": true,
                "attenuation_distance": 65535
            }
        ]
    },
    "custom/bwake_mpo": {
        "sounds": [
            {
                "name": "avatarmc:custom/bwake_mpo",
                "stream": true,
                "attenuation_distance": 65535
            }
        ]
    },
    "custom/bwake_swp_ambient": {
        "sounds": [
            {
                "name": "avatarmc:custom/bwake_swp_ambient",
                "stream": true,
                "attenuation_distance": 65535
            }
        ]
    },
    "custom/bwake_swp": {
        "sounds": [
            {
                "name": "avatarmc:custom/bwake_swp",
                "stream": true,
                "attenuation_distance": 65535
            }
        ]
    },
    "custom/bwake_wat": {
        "sounds": [
            {
                "name": "avatarmc:custom/bwake_wat",
                "stream": true,
                "attenuation_distance": 65535
            }
        ]
    },
    "custom/isaias_garcia_air_nomads": {
        "sounds": [
            {
                "name": "avatarmc:custom/isaias_garcia_air_nomads",
                "stream": true,
                "attenuation_distance": 65535
            }
        ]
    },
    "custom/isaias_garcia_earth_kingdom": {
        "sounds": [
            {
                "name": "avatarmc:custom/isaias_garcia_earth_kingdom",
                "stream": true,
                "attenuation_distance": 65535
            }
        ]
    },
    "custom/isaias_garcia_fire_nation_ambient": {
        "sounds": [
            {
                "name": "avatarmc:custom/isaias_garcia_fire_nation_ambient",
                "stream": true,
                "attenuation_distance": 65535
            }
        ]
    },
    "custom/isaias_garcia_fire_nation": {
        "sounds": [
            {
                "name": "avatarmc:custom/isaias_garcia_fire_nation",
                "stream": true,
                "attenuation_distance": 65535
            }
        ]
    },
    "custom/isaias_garcia_korras_spirit": {
        "sounds": [
            {
                "name": "avatarmc:custom/isaias_garcia_korras_spirit",
                "stream": true,
                "attenuation_distance": 65535
            }
        ]
    },
    "custom/isaias_garcia_pixel_bender": {
        "sounds": [
            {
                "name": "avatarmc:custom/isaias_garcia_pixel_bender",
                "stream": true,
                "attenuation_distance": 65535
            }
        ]
    },
    "custom/isaias_garcia_spirit_world_ambient": {
        "sounds": [
            {
                "name": "avatarmc:custom/isaias_garcia_spirit_world_ambient",
                "stream": true,
                "attenuation_distance": 65535
            }
        ]
    },
    "custom/isaias_garcia_spirit_world": {
        "sounds": [
            {
                "name": "avatarmc:custom/isaias_garcia_spirit_world",
                "stream": true,
                "attenuation_distance": 65535
            }
        ]
    },
    "custom/isaias_garcia_water_tribe_ambient": {
        "sounds": [
            {
                "name": "avatarmc:custom/isaias_garcia_water_tribe_ambient",
                "stream": true,
                "attenuation_distance": 65535
            }
        ]
    },
    "custom/isaias_garcia_water_tribe": {
        "sounds": [
            {
                "name": "avatarmc:custom/isaias_garcia_water_tribe",
                "stream": true,
                "attenuation_distance": 65535
            }
        ]
    },
    "custom/kjokteur": {
        "sounds": [
            {
                "name": "avatarmc:custom/kjokteur",
                "stream": true,
                "attenuation_distance": 65535
            }
        ]
    },
    "custom/quietdove/the_brawlers_lament": {
        "sounds": [
            {
                "name": "avatarmc:custom/quietdove_the_brawlers_lament",
                "stream": true,
                "attenuation_distance": 65535
            }
        ]
    },
    "custom/quietdove/the_duelists_dance": {
        "sounds": [
            {
                "name": "avatarmc:custom/quietdove_the_duelists_dance",
                "stream": true,
                "attenuation_distance": 65535
            }
        ]
    },
    "custom/quietdove/the_warriors_revelry": {
        "sounds": [
            {
                "name": "avatarmc:custom/quietdove_the_warriors_revelry",
                "stream": true,
                "attenuation_distance": 65535
            }
        ]
    },
    "custom/vince_four_seasons": {
        "sounds": [
            {
                "name": "avatarmc:custom/vince_four_seasons",
                "stream": true,
                "attenuation_distance": 65535
            }
        ]
    },
    "custom/vince_gao": {
        "sounds": [
            {
                "name": "avatarmc:custom/vince_gao",
                "stream": true,
                "attenuation_distance": 65535
            }
        ]
    },
    "custom/vince_gao_ambient": {
        "sounds": [
            {
                "name": "avatarmc:custom/vince_gao_ambient",
                "stream": true,
                "attenuation_distance": 65535
            }
        ]
    },
    "custom/quietdove/lake_laogai": {
        "sounds": [
            {
                "name": "avatarmc:custom/quietdove_lake_laogai",
                "stream": true,
                "attenuation_distance": 65535
            }
        ]
    },
    "custom/quietdove/village_by_the_river": {
        "sounds": [
            {
                "name": "avatarmc:custom/quietdove_village_by_the_river",
                "stream": true,
                "attenuation_distance": 65535
            }
        ]
    },
    "custom/quietdove/fields_of_bss": {
        "sounds": [
            {
                "name": "avatarmc:custom/quietdove_fields_of_bss",
                "stream": true,
                "attenuation_distance": 65535
            }
        ]
    },
    "custom/bwake/az_main": {
        "sounds": [
            {
                "name": "avatarmc:custom/bwake_az_main",
                "stream": true,
                "attenuation_distance": 65535
            }
        ]
    },
    "custom/hubcityhero/omashu_ambient": {
        "sounds": [
            {
                "name": "avatarmc:custom/hubcityhero_omashu_ambient",
                "stream": true,
                "attenuation_distance": 65535
            }
        ]
    },
    "custom/bwake/nat_ambient": {
        "sounds": [
            {
                "name": "avatarmc:custom/bwake_nat_ambient",
                "stream": true,
                "attenuation_distance": 65535
            }
        ]
    },
    "custom/bwake/nat": {
        "sounds": [
            {
                "name": "avatarmc:custom/bwake_nat",
                "stream": true,
                "attenuation_distance": 65535
            }
        ]
    },
    "custom/bwake/kyi_ambient": {
        "sounds": [
            {
                "name": "avatarmc:custom/bwake_kyi_ambient",
                "stream": true,
                "attenuation_distance": 65535
            }
        ]
    },
    "custom/bwake/kyi": {
        "sounds": [
            {
                "name": "avatarmc:custom/bwake_kyi",
                "stream": true,
                "attenuation_distance": 65535
            }
        ]
    },
    "custom/bwake/limbo_ambient": {
        "sounds": [
            {
                "name": "avatarmc:custom/bwake_limbo_ambient",
                "stream": true,
                "attenuation_distance": 65535
            }
        ]
    },
    "custom/bwake/limbo": {
        "sounds": [
            {
                "name": "avatarmc:custom/bwake_limbo",
                "stream": true,
                "attenuation_distance": 65535
            }
        ]
    },
    "custom/bwake/pride": {
        "sounds": [
            {
                "name": "avatarmc:custom/bwake_pride",
                "stream": true,
                "attenuation_distance": 65535
            }
        ]
    },
    "custom/bwake/spirit_oasis": {
        "sounds": [
            {
                "name": "avatarmc:custom/bwake_spirit_oasis",
                "stream": true,
                "attenuation_distance": 65535
            }
        ]
    },
    "custom/bwake/spirit_oasis_ambient": {
        "sounds": [
            {
                "name": "avatarmc:custom/bwake_spirit_oasis_ambient",
                "stream": true,
                "attenuation_distance": 65535
            }
        ]
    },
    "custom/sonny/halloween": {
        "sounds": [
            {
                "name": "avatarmc:custom/sonny_halloween",
                "stream": true,
                "attenuation_distance": 65535
            }
        ]
  },
  "dummy": { "sounds": [] }
}
