{
    "textures": {
        "voxels_atlas": "avatarmc:statues/trophy"
    },
    "elements": [
        {
            "from": [ 2, 1, 4 ],
            "to": [ 14, 2, 12 ],
            "faces": {
                "down": { "uv": [ 0, 14, 3, 16 ], "texture": "#voxels_atlas" },
                "up": { "uv": [ 3, 16, 6, 14 ], "texture": "#voxels_atlas" },
                "north": { "uv": [ 10.5, 13.75, 7.5, 14 ], "texture": "#voxels_atlas" },
                "south": { "uv": [ 7.5, 13.5, 10.5, 13.75 ], "texture": "#voxels_atlas" },
                "west": { "uv": [ 4.75, 12.75, 6.75, 13 ], "texture": "#voxels_atlas" },
                "east": { "uv": [ 8.75, 12.75, 6.75, 13 ], "texture": "#voxels_atlas" }
            }
        },
        {
            "from": [ 2, 22, 5 ],
            "to": [ 3, 23, 11 ],
            "faces": {
                "down": { "uv": [ 4, 0.25, 4.25, 1.75 ], "texture": "#voxels_atlas" },
                "up": { "uv": [ 4.25, 1.75, 4.5, 0.25 ], "texture": "#voxels_atlas" },
                "north": { "uv": [ 9.5, 9.75, 9.25, 10 ], "texture": "#voxels_atlas" },
                "south": { "uv": [ 4, 0, 4.25, 0.25 ], "texture": "#voxels_atlas" },
                "west": { "uv": [ 12.75, 11.75, 14.25, 12 ], "texture": "#voxels_atlas" },
                "east": { "uv": [ 15.75, 11.75, 14.25, 12 ], "texture": "#voxels_atlas" }
            }
        },
        {
            "from": [ 3, 1, 3 ],
            "to": [ 13, 2, 4 ],
            "faces": {
                "down": { "uv": [ 13, 13.25, 15.5, 13.5 ], "texture": "#voxels_atlas" },
                "up": { "uv": [ 13, 13.75, 15.5, 13.5 ], "texture": "#voxels_atlas" },
                "north": { "uv": [ 15.5, 13.75, 13, 14 ], "texture": "#voxels_atlas" },
                "south": { "uv": [ 10.5, 13, 13, 13.25 ], "texture": "#voxels_atlas" },
                "west": { "uv": [ 4.25, 0, 4.5, 0.25 ], "texture": "#voxels_atlas" },
                "east": { "uv": [ 16, 12.25, 15.75, 12.5 ], "texture": "#voxels_atlas" }
            }
        },
        {
            "from": [ 3, 1, 12 ],
            "to": [ 13, 2, 13 ],
            "faces": {
                "down": { "uv": [ 10.5, 13.25, 13, 13.5 ], "texture": "#voxels_atlas" },
                "up": { "uv": [ 10.5, 13.75, 13, 13.5 ], "texture": "#voxels_atlas" },
                "north": { "uv": [ 13, 13.75, 10.5, 14 ], "texture": "#voxels_atlas" },
                "south": { "uv": [ 13, 13, 15.5, 13.25 ], "texture": "#voxels_atlas" },
                "west": { "uv": [ 15.75, 12, 16, 12.25 ], "texture": "#voxels_atlas" },
                "east": { "uv": [ 16, 11.75, 15.75, 12 ], "texture": "#voxels_atlas" }
            }
        },
        {
            "from": [ 3, 2, 4 ],
            "to": [ 13, 3, 12 ],
            "faces": {
                "down": { "uv": [ 6, 14, 8.5, 16 ], "texture": "#voxels_atlas" },
                "up": { "uv": [ 8.5, 16, 11, 14 ], "texture": "#voxels_atlas" },
                "north": { "uv": [ 10, 13, 7.5, 13.25 ], "texture": "#voxels_atlas" },
                "south": { "uv": [ 7.5, 13.25, 10, 13.5 ], "texture": "#voxels_atlas" },
                "west": { "uv": [ 10.75, 12.5, 12.75, 12.75 ], "texture": "#voxels_atlas" },
                "east": { "uv": [ 14.75, 12.5, 12.75, 12.75 ], "texture": "#voxels_atlas" }
            }
        },
        {
            "from": [ 3, 13, 5 ],
            "to": [ 5, 22, 6 ],
            "faces": {
                "down": { "uv": [ 10, 13.25, 10.5, 13.5 ], "texture": "#voxels_atlas" },
                "up": { "uv": [ 10, 13.25, 10.5, 13 ], "texture": "#voxels_atlas" },
                "north": { "uv": [ 3.5, 6.25, 3, 8.5 ], "texture": "#voxels_atlas" },
                "south": { "uv": [ 3, 4, 3.5, 6.25 ], "texture": "#voxels_atlas" },
                "west": { "uv": [ 4, 1.75, 4.25, 4 ], "texture": "#voxels_atlas" },
                "east": { "uv": [ 4.5, 10.75, 4.25, 13 ], "texture": "#voxels_atlas" }
            }
        },
        {
            "from": [ 3, 13, 6 ],
            "to": [ 4, 22, 11 ],
            "faces": {
                "down": { "uv": [ 4.75, 3.5, 5, 4.75 ], "texture": "#voxels_atlas" },
                "up": { "uv": [ 4.75, 3.5, 5, 2.25 ], "texture": "#voxels_atlas" },
                "north": { "uv": [ 4.5, 8.5, 4.25, 10.75 ], "texture": "#voxels_atlas" },
                "south": { "uv": [ 4.25, 6.25, 4.5, 8.5 ], "texture": "#voxels_atlas" },
                "west": { "uv": [ 0, 7.25, 1.25, 9.5 ], "texture": "#voxels_atlas" },
                "east": { "uv": [ 1.25, 0.5, 0, 2.75 ], "texture": "#voxels_atlas" }
            }
        },
        {
            "from": [ 3, 22, 4 ],
            "to": [ 4, 23, 5 ],
            "faces": {
                "down": { "uv": [ 15.75, 11.5, 16, 11.75 ], "texture": "#voxels_atlas" },
                "up": { "uv": [ 15.75, 11.5, 16, 11.25 ], "texture": "#voxels_atlas" },
                "north": { "uv": [ 16, 11, 15.75, 11.25 ], "texture": "#voxels_atlas" },
                "south": { "uv": [ 15.75, 10.75, 16, 11 ], "texture": "#voxels_atlas" },
                "west": { "uv": [ 4.75, 0, 5, 0.25 ], "texture": "#voxels_atlas" },
                "east": { "uv": [ 5.5, 6.5, 5.25, 6.75 ], "texture": "#voxels_atlas" }
            }
        },
        {
            "from": [ 3, 22, 11 ],
            "to": [ 4, 23, 12 ],
            "faces": {
                "down": { "uv": [ 11.25, 9.75, 11.5, 10 ], "texture": "#voxels_atlas" },
                "up": { "uv": [ 5.5, 6.75, 5.75, 6.5 ], "texture": "#voxels_atlas" },
                "north": { "uv": [ 5.5, 6.25, 5.25, 6.5 ], "texture": "#voxels_atlas" },
                "south": { "uv": [ 5.5, 6.25, 5.75, 6.5 ], "texture": "#voxels_atlas" },
                "west": { "uv": [ 5.25, 6, 5.5, 6.25 ], "texture": "#voxels_atlas" },
                "east": { "uv": [ 5.75, 6, 5.5, 6.25 ], "texture": "#voxels_atlas" }
            }
        },
        {
            "from": [ 4, 1, 2 ],
            "to": [ 12, 2, 3 ],
            "faces": {
                "down": { "uv": [ 8.75, 11.75, 10.75, 12 ], "texture": "#voxels_atlas" },
                "up": { "uv": [ 10.75, 12, 12.75, 11.75 ], "texture": "#voxels_atlas" },
                "north": { "uv": [ 8.75, 12.25, 6.75, 12.5 ], "texture": "#voxels_atlas" },
                "south": { "uv": [ 12.75, 12.25, 14.75, 12.5 ], "texture": "#voxels_atlas" },
                "west": { "uv": [ 5.25, 5.75, 5.5, 6 ], "texture": "#voxels_atlas" },
                "east": { "uv": [ 5.75, 5.75, 5.5, 6 ], "texture": "#voxels_atlas" }
            }
        },
        {
            "from": [ 4, 1, 13 ],
            "to": [ 12, 2, 14 ],
            "faces": {
                "down": { "uv": [ 6.75, 12.5, 8.75, 12.75 ], "texture": "#voxels_atlas" },
                "up": { "uv": [ 10.75, 13, 12.75, 12.75 ], "texture": "#voxels_atlas" },
                "north": { "uv": [ 10.75, 12.75, 8.75, 13 ], "texture": "#voxels_atlas" },
                "south": { "uv": [ 12.75, 12, 14.75, 12.25 ], "texture": "#voxels_atlas" },
                "west": { "uv": [ 5.25, 5.5, 5.5, 5.75 ], "texture": "#voxels_atlas" },
                "east": { "uv": [ 5.75, 5.5, 5.5, 5.75 ], "texture": "#voxels_atlas" }
            }
        },
        {
            "from": [ 4, 2, 3 ],
            "to": [ 12, 3, 4 ],
            "faces": {
                "down": { "uv": [ 4.75, 12, 6.75, 12.25 ], "texture": "#voxels_atlas" },
                "up": { "uv": [ 10.75, 12.5, 12.75, 12.25 ], "texture": "#voxels_atlas" },
                "north": { "uv": [ 10.75, 12.25, 8.75, 12.5 ], "texture": "#voxels_atlas" },
                "south": { "uv": [ 10.75, 12, 12.75, 12.25 ], "texture": "#voxels_atlas" },
                "west": { "uv": [ 5.25, 5.25, 5.5, 5.5 ], "texture": "#voxels_atlas" },
                "east": { "uv": [ 5.75, 5.25, 5.5, 5.5 ], "texture": "#voxels_atlas" }
            }
        },
        {
            "from": [ 4, 2, 12 ],
            "to": [ 12, 3, 13 ],
            "faces": {
                "down": { "uv": [ 4.75, 12.5, 6.75, 12.75 ], "texture": "#voxels_atlas" },
                "up": { "uv": [ 12.75, 13, 14.75, 12.75 ], "texture": "#voxels_atlas" },
                "north": { "uv": [ 10.75, 12, 8.75, 12.25 ], "texture": "#voxels_atlas" },
                "south": { "uv": [ 6.75, 12, 8.75, 12.25 ], "texture": "#voxels_atlas" },
                "west": { "uv": [ 5.25, 5, 5.5, 5.25 ], "texture": "#voxels_atlas" },
                "east": { "uv": [ 15.75, 9.75, 15.5, 10 ], "texture": "#voxels_atlas" }
            }
        },
        {
            "from": [ 4, 3, 5 ],
            "to": [ 12, 4, 11 ],
            "faces": {
                "down": { "uv": [ 11, 14.5, 13, 16 ], "texture": "#voxels_atlas" },
                "up": { "uv": [ 13, 16, 15, 14.5 ], "texture": "#voxels_atlas" },
                "north": { "uv": [ 6.75, 11.75, 4.75, 12 ], "texture": "#voxels_atlas" },
                "south": { "uv": [ 6.75, 11.75, 8.75, 12 ], "texture": "#voxels_atlas" },
                "west": { "uv": [ 12.25, 11.5, 13.75, 11.75 ], "texture": "#voxels_atlas" },
                "east": { "uv": [ 15.25, 11.5, 13.75, 11.75 ], "texture": "#voxels_atlas" }
            }
        },
        {
            "from": [ 4, 12, 6 ],
            "to": [ 12, 13, 10 ],
            "faces": {
                "down": { "uv": [ 2.5, 13, 4.5, 14 ], "texture": "#voxels_atlas" },
                "up": { "uv": [ 4.5, 14, 6.5, 13 ], "texture": "#voxels_atlas" },
                "north": { "uv": [ 6.75, 12.25, 4.75, 12.5 ], "texture": "#voxels_atlas" },
                "south": { "uv": [ 8.75, 12.5, 10.75, 12.75 ], "texture": "#voxels_atlas" },
                "west": { "uv": [ 1.5, 0, 2.5, 0.25 ], "texture": "#voxels_atlas" },
                "east": { "uv": [ 15.75, 12.25, 14.75, 12.5 ], "texture": "#voxels_atlas" }
            }
        },
        {
            "from": [ 4, 13, 4 ],
            "to": [ 6, 22, 5 ],
            "faces": {
                "down": { "uv": [ 15, 10, 15.5, 10.25 ], "texture": "#voxels_atlas" },
                "up": { "uv": [ 14.5, 10.25, 15, 10 ], "texture": "#voxels_atlas" },
                "north": { "uv": [ 3.5, 8.5, 3, 10.75 ], "texture": "#voxels_atlas" },
                "south": { "uv": [ 3, 10.75, 3.5, 13 ], "texture": "#voxels_atlas" },
                "west": { "uv": [ 4.5, 8.5, 4.75, 10.75 ], "texture": "#voxels_atlas" },
                "east": { "uv": [ 4.75, 10.75, 4.5, 13 ], "texture": "#voxels_atlas" }
            }
        },
        {
            "from": [ 4, 13, 10 ],
            "to": [ 5, 22, 12 ],
            "faces": {
                "down": { "uv": [ 5, 3.5, 5.25, 4 ], "texture": "#voxels_atlas" },
                "up": { "uv": [ 5, 3.5, 5.25, 3 ], "texture": "#voxels_atlas" },
                "north": { "uv": [ 4.75, 6.25, 4.5, 8.5 ], "texture": "#voxels_atlas" },
                "south": { "uv": [ 4.5, 4, 4.75, 6.25 ], "texture": "#voxels_atlas" },
                "west": { "uv": [ 2.5, 4, 3, 6.25 ], "texture": "#voxels_atlas" },
                "east": { "uv": [ 3, 10.75, 2.5, 13 ], "texture": "#voxels_atlas" }
            }
        },
        {
            "from": [ 4, 22, 3 ],
            "to": [ 5, 23, 4 ],
            "faces": {
                "down": { "uv": [ 10.75, 9.75, 11, 10 ], "texture": "#voxels_atlas" },
                "up": { "uv": [ 10.5, 10, 10.75, 9.75 ], "texture": "#voxels_atlas" },
                "north": { "uv": [ 7, 9.75, 6.75, 10 ], "texture": "#voxels_atlas" },
                "south": { "uv": [ 6.5, 9.75, 6.75, 10 ], "texture": "#voxels_atlas" },
                "west": { "uv": [ 6.25, 9.75, 6.5, 10 ], "texture": "#voxels_atlas" },
                "east": { "uv": [ 6.25, 9.75, 6, 10 ], "texture": "#voxels_atlas" }
            }
        },
        {
            "from": [ 4, 22, 12 ],
            "to": [ 5, 23, 13 ],
            "faces": {
                "down": { "uv": [ 5.75, 0.5, 6, 0.75 ], "texture": "#voxels_atlas" },
                "up": { "uv": [ 5.75, 1, 6, 0.75 ], "texture": "#voxels_atlas" },
                "north": { "uv": [ 6, 1, 5.75, 1.25 ], "texture": "#voxels_atlas" },
                "south": { "uv": [ 5.75, 1.25, 6, 1.5 ], "texture": "#voxels_atlas" },
                "west": { "uv": [ 5.75, 2.25, 6, 2.5 ], "texture": "#voxels_atlas" },
                "east": { "uv": [ 6, 2.5, 5.75, 2.75 ], "texture": "#voxels_atlas" }
            }
        },
        {
            "from": [ 5, 3, 4 ],
            "to": [ 11, 4, 5 ],
            "faces": {
                "down": { "uv": [ 4.75, 11.25, 6.25, 11.5 ], "texture": "#voxels_atlas" },
                "up": { "uv": [ 6.25, 11.5, 7.75, 11.25 ], "texture": "#voxels_atlas" },
                "north": { "uv": [ 15.25, 11.25, 13.75, 11.5 ], "texture": "#voxels_atlas" },
                "south": { "uv": [ 12.25, 11.25, 13.75, 11.5 ], "texture": "#voxels_atlas" },
                "west": { "uv": [ 5.75, 2.75, 6, 3 ], "texture": "#voxels_atlas" },
                "east": { "uv": [ 6, 3.5, 5.75, 3.75 ], "texture": "#voxels_atlas" }
            }
        },
        {
            "from": [ 5, 3, 11 ],
            "to": [ 11, 4, 12 ],
            "faces": {
                "down": { "uv": [ 12.25, 11, 13.75, 11.25 ], "texture": "#voxels_atlas" },
                "up": { "uv": [ 7.75, 11.5, 9.25, 11.25 ], "texture": "#voxels_atlas" },
                "north": { "uv": [ 10.75, 11.25, 9.25, 11.5 ], "texture": "#voxels_atlas" },
                "south": { "uv": [ 10.75, 11.25, 12.25, 11.5 ], "texture": "#voxels_atlas" },
                "west": { "uv": [ 5.75, 3.75, 6, 4 ], "texture": "#voxels_atlas" },
                "east": { "uv": [ 6, 4, 5.75, 4.25 ], "texture": "#voxels_atlas" }
            }
        },
        {
            "from": [ 5, 11, 7 ],
            "to": [ 11, 12, 9 ],
            "faces": {
                "down": { "uv": [ 13, 14, 14.5, 14.5 ], "texture": "#voxels_atlas" },
                "up": { "uv": [ 11, 14.5, 12.5, 14 ], "texture": "#voxels_atlas" },
                "north": { "uv": [ 9.25, 11, 7.75, 11.25 ], "texture": "#voxels_atlas" },
                "south": { "uv": [ 9.25, 11, 10.75, 11.25 ], "texture": "#voxels_atlas" },
                "west": { "uv": [ 15.25, 11.5, 15.75, 11.75 ], "texture": "#voxels_atlas" },
                "east": { "uv": [ 5.75, 6.75, 5.25, 7 ], "texture": "#voxels_atlas" }
            }
        },
        {
            "from": [ 5, 12, 5 ],
            "to": [ 11, 13, 6 ],
            "faces": {
                "down": { "uv": [ 13.75, 11, 15.25, 11.25 ], "texture": "#voxels_atlas" },
                "up": { "uv": [ 4.75, 11, 6.25, 10.75 ], "texture": "#voxels_atlas" },
                "north": { "uv": [ 7.75, 10.75, 6.25, 11 ], "texture": "#voxels_atlas" },
                "south": { "uv": [ 7.75, 10.75, 9.25, 11 ], "texture": "#voxels_atlas" },
                "west": { "uv": [ 5.25, 2.75, 5.5, 3 ], "texture": "#voxels_atlas" },
                "east": { "uv": [ 5.75, 3, 5.5, 3.25 ], "texture": "#voxels_atlas" }
            }
        },
        {
            "from": [ 5, 12, 10 ],
            "to": [ 11, 13, 11 ],
            "faces": {
                "down": { "uv": [ 9.25, 10.75, 10.75, 11 ], "texture": "#voxels_atlas" },
                "up": { "uv": [ 10.75, 11, 12.25, 10.75 ], "texture": "#voxels_atlas" },
                "north": { "uv": [ 13.75, 10.75, 12.25, 11 ], "texture": "#voxels_atlas" },
                "south": { "uv": [ 13.75, 10.75, 15.25, 11 ], "texture": "#voxels_atlas" },
                "west": { "uv": [ 5.25, 3, 5.5, 3.25 ], "texture": "#voxels_atlas" },
                "east": { "uv": [ 5.75, 3.25, 5.5, 3.5 ], "texture": "#voxels_atlas" }
            }
        },
        {
            "from": [ 5, 13, 3 ],
            "to": [ 11, 22, 4 ],
            "faces": {
                "down": { "uv": [ 8, 10.5, 9.5, 10.75 ], "texture": "#voxels_atlas" },
                "up": { "uv": [ 9.5, 10.75, 11, 10.5 ], "texture": "#voxels_atlas" },
                "north": { "uv": [ 1.5, 9.5, 0, 11.75 ], "texture": "#voxels_atlas" },
                "south": { "uv": [ 0, 11.75, 1.5, 14 ], "texture": "#voxels_atlas" },
                "west": { "uv": [ 4, 6.25, 4.25, 8.5 ], "texture": "#voxels_atlas" },
                "east": { "uv": [ 4.25, 4, 4, 6.25 ], "texture": "#voxels_atlas" }
            }
        },
        {
            "from": [ 5, 13, 11 ],
            "to": [ 6, 22, 13 ],
            "faces": {
                "down": { "uv": [ 5, 2, 5.25, 2.5 ], "texture": "#voxels_atlas" },
                "up": { "uv": [ 5, 3, 5.25, 2.5 ], "texture": "#voxels_atlas" },
                "north": { "uv": [ 3.75, 4.75, 3.5, 7 ], "texture": "#voxels_atlas" },
                "south": { "uv": [ 3.75, 4.75, 4, 7 ], "texture": "#voxels_atlas" },
                "west": { "uv": [ 2.5, 8.5, 3, 10.75 ], "texture": "#voxels_atlas" },
                "east": { "uv": [ 3, 6.25, 2.5, 8.5 ], "texture": "#voxels_atlas" }
            }
        },
        {
            "from": [ 5, 22, 2 ],
            "to": [ 11, 23, 3 ],
            "faces": {
                "down": { "uv": [ 4.75, 11.5, 6.25, 11.75 ], "texture": "#voxels_atlas" },
                "up": { "uv": [ 6.25, 11.75, 7.75, 11.5 ], "texture": "#voxels_atlas" },
                "north": { "uv": [ 9.25, 11.5, 7.75, 11.75 ], "texture": "#voxels_atlas" },
                "south": { "uv": [ 9.25, 11.5, 10.75, 11.75 ], "texture": "#voxels_atlas" },
                "west": { "uv": [ 5.5, 3.5, 5.75, 3.75 ], "texture": "#voxels_atlas" },
                "east": { "uv": [ 5.5, 3.5, 5.25, 3.75 ], "texture": "#voxels_atlas" }
            }
        },
        {
            "from": [ 5, 22, 13 ],
            "to": [ 11, 23, 14 ],
            "faces": {
                "down": { "uv": [ 6.5, 10.5, 8, 10.75 ], "texture": "#voxels_atlas" },
                "up": { "uv": [ 5, 10.75, 6.5, 10.5 ], "texture": "#voxels_atlas" },
                "north": { "uv": [ 12.25, 11, 10.75, 11.25 ], "texture": "#voxels_atlas" },
                "south": { "uv": [ 6.25, 11, 7.75, 11.25 ], "texture": "#voxels_atlas" },
                "west": { "uv": [ 5.5, 4.25, 5.75, 4.5 ], "texture": "#voxels_atlas" },
                "east": { "uv": [ 5.5, 4.25, 5.25, 4.5 ], "texture": "#voxels_atlas" }
            }
        },
        {
            "from": [ 6, 4, 6 ],
            "to": [ 10, 5, 10 ],
            "faces": {
                "down": { "uv": [ 1.5, 0.25, 2.5, 1.25 ], "texture": "#voxels_atlas" },
                "up": { "uv": [ 6.5, 14, 7.5, 13 ], "texture": "#voxels_atlas" },
                "north": { "uv": [ 15.75, 12, 14.75, 12.25 ], "texture": "#voxels_atlas" },
                "south": { "uv": [ 11, 10.5, 12, 10.75 ], "texture": "#voxels_atlas" },
                "west": { "uv": [ 12, 10.5, 13, 10.75 ], "texture": "#voxels_atlas" },
                "east": { "uv": [ 14, 10.5, 13, 10.75 ], "texture": "#voxels_atlas" }
            }
        },
        {
            "from": [ 6, 5, 7 ],
            "to": [ 10, 11, 9 ],
            "faces": {
                "down": { "uv": [ 0, 0, 1, 0.5 ], "texture": "#voxels_atlas" },
                "up": { "uv": [ 15, 14.5, 16, 14 ], "texture": "#voxels_atlas" },
                "north": { "uv": [ 2.5, 8, 1.5, 9.5 ], "texture": "#voxels_atlas" },
                "south": { "uv": [ 15, 14.5, 16, 16 ], "texture": "#voxels_atlas" },
                "west": { "uv": [ 3.5, 7, 4, 8.5 ], "texture": "#voxels_atlas" },
                "east": { "uv": [ 4, 8.5, 3.5, 10 ], "texture": "#voxels_atlas" }
            }
        },
        {
            "from": [ 6, 11, 6 ],
            "to": [ 10, 12, 7 ],
            "faces": {
                "down": { "uv": [ 14, 10.5, 15, 10.75 ], "texture": "#voxels_atlas" },
                "up": { "uv": [ 15, 10.75, 16, 10.5 ], "texture": "#voxels_atlas" },
                "north": { "uv": [ 6, 10.25, 5, 10.5 ], "texture": "#voxels_atlas" },
                "south": { "uv": [ 6, 10.25, 7, 10.5 ], "texture": "#voxels_atlas" },
                "west": { "uv": [ 5.5, 4.5, 5.75, 4.75 ], "texture": "#voxels_atlas" },
                "east": { "uv": [ 5.5, 4.5, 5.25, 4.75 ], "texture": "#voxels_atlas" }
            }
        },
        {
            "from": [ 6, 11, 9 ],
            "to": [ 10, 12, 10 ],
            "faces": {
                "down": { "uv": [ 7, 10.25, 8, 10.5 ], "texture": "#voxels_atlas" },
                "up": { "uv": [ 8, 10.5, 9, 10.25 ], "texture": "#voxels_atlas" },
                "north": { "uv": [ 10, 10.25, 9, 10.5 ], "texture": "#voxels_atlas" },
                "south": { "uv": [ 10, 10.25, 11, 10.5 ], "texture": "#voxels_atlas" },
                "west": { "uv": [ 5.5, 4.75, 5.75, 5 ], "texture": "#voxels_atlas" },
                "east": { "uv": [ 5.5, 4.75, 5.25, 5 ], "texture": "#voxels_atlas" }
            }
        },
        {
            "from": [ 6, 12, 4 ],
            "to": [ 10, 13, 5 ],
            "faces": {
                "down": { "uv": [ 11, 10.25, 12, 10.5 ], "texture": "#voxels_atlas" },
                "up": { "uv": [ 12, 10.5, 13, 10.25 ], "texture": "#voxels_atlas" },
                "north": { "uv": [ 14, 10.25, 13, 10.5 ], "texture": "#voxels_atlas" },
                "south": { "uv": [ 14, 10.25, 15, 10.5 ], "texture": "#voxels_atlas" },
                "west": { "uv": [ 10, 9.75, 10.25, 10 ], "texture": "#voxels_atlas" },
                "east": { "uv": [ 10.5, 9.75, 10.25, 10 ], "texture": "#voxels_atlas" }
            }
        },
        {
            "from": [ 6, 12, 11 ],
            "to": [ 10, 13, 12 ],
            "faces": {
                "down": { "uv": [ 15, 10.25, 16, 10.5 ], "texture": "#voxels_atlas" },
                "up": { "uv": [ 5, 10.25, 6, 10 ], "texture": "#voxels_atlas" },
                "north": { "uv": [ 7, 10, 6, 10.25 ], "texture": "#voxels_atlas" },
                "south": { "uv": [ 7, 10, 8, 10.25 ], "texture": "#voxels_atlas" },
                "west": { "uv": [ 5.25, 3.25, 5.5, 3.5 ], "texture": "#voxels_atlas" },
                "east": { "uv": [ 5.75, 5, 5.5, 5.25 ], "texture": "#voxels_atlas" }
            }
        },
        {
            "from": [ 6, 13, 12 ],
            "to": [ 11, 22, 13 ],
            "faces": {
                "down": { "uv": [ 14.75, 12.75, 16, 13 ], "texture": "#voxels_atlas" },
                "up": { "uv": [ 14.75, 12.75, 16, 12.5 ], "texture": "#voxels_atlas" },
                "north": { "uv": [ 1.25, 5, 0, 7.25 ], "texture": "#voxels_atlas" },
                "south": { "uv": [ 0, 2.75, 1.25, 5 ], "texture": "#voxels_atlas" },
                "west": { "uv": [ 4.25, 1.75, 4.5, 4 ], "texture": "#voxels_atlas" },
                "east": { "uv": [ 4.5, 4, 4.25, 6.25 ], "texture": "#voxels_atlas" }
            }
        },
        {
            "from": [ 7, 4, 5 ],
            "to": [ 9, 5, 6 ],
            "faces": {
                "down": { "uv": [ 8, 10, 8.5, 10.25 ], "texture": "#voxels_atlas" },
                "up": { "uv": [ 8.5, 10.25, 9, 10 ], "texture": "#voxels_atlas" },
                "north": { "uv": [ 9.5, 10, 9, 10.25 ], "texture": "#voxels_atlas" },
                "south": { "uv": [ 9.5, 10, 10, 10.25 ], "texture": "#voxels_atlas" },
                "west": { "uv": [ 5.25, 4, 5.5, 4.25 ], "texture": "#voxels_atlas" },
                "east": { "uv": [ 5.75, 4, 5.5, 4.25 ], "texture": "#voxels_atlas" }
            }
        },
        {
            "from": [ 7, 4, 10 ],
            "to": [ 9, 5, 11 ],
            "faces": {
                "down": { "uv": [ 11, 10, 11.5, 10.25 ], "texture": "#voxels_atlas" },
                "up": { "uv": [ 11.5, 10.25, 12, 10 ], "texture": "#voxels_atlas" },
                "north": { "uv": [ 12.5, 10, 12, 10.25 ], "texture": "#voxels_atlas" },
                "south": { "uv": [ 12.5, 10, 13, 10.25 ], "texture": "#voxels_atlas" },
                "west": { "uv": [ 5.25, 3.75, 5.5, 4 ], "texture": "#voxels_atlas" },
                "east": { "uv": [ 5.75, 3.75, 5.5, 4 ], "texture": "#voxels_atlas" }
            }
        },
        {
            "from": [ 7, 5, 6 ],
            "to": [ 9, 11, 7 ],
            "faces": {
                "down": { "uv": [ 13.5, 10, 14, 10.25 ], "texture": "#voxels_atlas" },
                "up": { "uv": [ 14, 10.25, 14.5, 10 ], "texture": "#voxels_atlas" },
                "north": { "uv": [ 3.5, 0.25, 3, 1.75 ], "texture": "#voxels_atlas" },
                "south": { "uv": [ 2.5, 0.25, 3, 1.75 ], "texture": "#voxels_atlas" },
                "west": { "uv": [ 4.75, 6.25, 5, 7.75 ], "texture": "#voxels_atlas" },
                "east": { "uv": [ 4.75, 1, 4.5, 2.5 ], "texture": "#voxels_atlas" }
            }
        },
        {
            "from": [ 7, 5, 9 ],
            "to": [ 9, 11, 10 ],
            "faces": {
                "down": { "uv": [ 12.5, 14.25, 13, 14.5 ], "texture": "#voxels_atlas" },
                "up": { "uv": [ 15.5, 10.25, 16, 10 ], "texture": "#voxels_atlas" },
                "north": { "uv": [ 4, 11.5, 3.5, 13 ], "texture": "#voxels_atlas" },
                "south": { "uv": [ 3.5, 10, 4, 11.5 ], "texture": "#voxels_atlas" },
                "west": { "uv": [ 4.75, 7.75, 5, 9.25 ], "texture": "#voxels_atlas" },
                "east": { "uv": [ 5, 9.25, 4.75, 10.75 ], "texture": "#voxels_atlas" }
            }
        },
        {
            "from": [ 7, 11, 5 ],
            "to": [ 9, 12, 6 ],
            "faces": {
                "down": { "uv": [ 5.25, 9, 5.75, 9.25 ], "texture": "#voxels_atlas" },
                "up": { "uv": [ 5.25, 9, 5.75, 8.75 ], "texture": "#voxels_atlas" },
                "north": { "uv": [ 5.75, 8.5, 5.25, 8.75 ], "texture": "#voxels_atlas" },
                "south": { "uv": [ 5.25, 8.25, 5.75, 8.5 ], "texture": "#voxels_atlas" },
                "west": { "uv": [ 5.5, 2.75, 5.75, 3 ], "texture": "#voxels_atlas" },
                "east": { "uv": [ 5.5, 2.5, 5.25, 2.75 ], "texture": "#voxels_atlas" }
            }
        },
        {
            "from": [ 7, 11, 10 ],
            "to": [ 9, 12, 11 ],
            "faces": {
                "down": { "uv": [ 5.25, 7.75, 5.75, 8 ], "texture": "#voxels_atlas" },
                "up": { "uv": [ 5.25, 7.75, 5.75, 7.5 ], "texture": "#voxels_atlas" },
                "north": { "uv": [ 5.75, 7.25, 5.25, 7.5 ], "texture": "#voxels_atlas" },
                "south": { "uv": [ 5.25, 7, 5.75, 7.25 ], "texture": "#voxels_atlas" },
                "west": { "uv": [ 5.5, 2.5, 5.75, 2.75 ], "texture": "#voxels_atlas" },
                "east": { "uv": [ 5.5, 2.25, 5.25, 2.5 ], "texture": "#voxels_atlas" }
            }
        },
        {
            "from": [ 7, 14, 13 ],
            "to": [ 8, 15, 15 ],
            "faces": {
                "down": { "uv": [ 14.5, 14, 14.75, 14.5 ], "texture": "#voxels_atlas" },
                "up": { "uv": [ 14.75, 14.5, 15, 14 ], "texture": "#voxels_atlas" },
                "north": { "uv": [ 5.75, 2.25, 5.5, 2.5 ], "texture": "#voxels_atlas" },
                "south": { "uv": [ 5.25, 2, 5.5, 2.25 ], "texture": "#voxels_atlas" },
                "west": { "uv": [ 12.5, 14, 13, 14.25 ], "texture": "#voxels_atlas" },
                "east": { "uv": [ 16, 13.75, 15.5, 14 ], "texture": "#voxels_atlas" }
            }
        },
        {
            "from": [ 7, 15, 15 ],
            "to": [ 8, 16, 16 ],
            "faces": {
                "down": { "uv": [ 5.5, 2, 5.75, 2.25 ], "texture": "#voxels_atlas" },
                "up": { "uv": [ 5.25, 2, 5.5, 1.75 ], "texture": "#voxels_atlas" },
                "north": { "uv": [ 5.75, 1.75, 5.5, 2 ], "texture": "#voxels_atlas" },
                "south": { "uv": [ 5.25, 1.5, 5.5, 1.75 ], "texture": "#voxels_atlas" },
                "west": { "uv": [ 5.5, 1.5, 5.75, 1.75 ], "texture": "#voxels_atlas" },
                "east": { "uv": [ 6, 0.25, 5.75, 0.5 ], "texture": "#voxels_atlas" }
            }
        },
        {
            "from": [ 7, 16, 16 ],
            "to": [ 8, 18, 17 ],
            "faces": {
                "down": { "uv": [ 5.25, 1.25, 5.5, 1.5 ], "texture": "#voxels_atlas" },
                "up": { "uv": [ 5.5, 1.5, 5.75, 1.25 ], "texture": "#voxels_atlas" },
                "north": { "uv": [ 5.25, 8, 5, 8.5 ], "texture": "#voxels_atlas" },
                "south": { "uv": [ 5, 7.5, 5.25, 8 ], "texture": "#voxels_atlas" },
                "west": { "uv": [ 5, 7, 5.25, 7.5 ], "texture": "#voxels_atlas" },
                "east": { "uv": [ 5.25, 6.5, 5, 7 ], "texture": "#voxels_atlas" }
            }
        },
        {
            "from": [ 7, 18, 17 ],
            "to": [ 8, 20, 18 ],
            "faces": {
                "down": { "uv": [ 5.25, 1, 5.5, 1.25 ], "texture": "#voxels_atlas" },
                "up": { "uv": [ 5.5, 1.25, 5.75, 1 ], "texture": "#voxels_atlas" },
                "north": { "uv": [ 5.25, 6, 5, 6.5 ], "texture": "#voxels_atlas" },
                "south": { "uv": [ 5, 5.5, 5.25, 6 ], "texture": "#voxels_atlas" },
                "west": { "uv": [ 5, 5, 5.25, 5.5 ], "texture": "#voxels_atlas" },
                "east": { "uv": [ 5.25, 4, 5, 4.5 ], "texture": "#voxels_atlas" }
            }
        },
        {
            "from": [ 7, 20, 13 ],
            "to": [ 8, 21, 14 ],
            "faces": {
                "down": { "uv": [ 5.25, 0.75, 5.5, 1 ], "texture": "#voxels_atlas" },
                "up": { "uv": [ 5.5, 1, 5.75, 0.75 ], "texture": "#voxels_atlas" },
                "north": { "uv": [ 5.5, 0.5, 5.25, 0.75 ], "texture": "#voxels_atlas" },
                "south": { "uv": [ 5.5, 0.5, 5.75, 0.75 ], "texture": "#voxels_atlas" },
                "west": { "uv": [ 5.25, 0.25, 5.5, 0.5 ], "texture": "#voxels_atlas" },
                "east": { "uv": [ 5.75, 0.25, 5.5, 0.5 ], "texture": "#voxels_atlas" }
            }
        },
        {
            "from": [ 7, 20, 16 ],
            "to": [ 8, 21, 17 ],
            "faces": {
                "down": { "uv": [ 5.25, 0, 5.5, 0.25 ], "texture": "#voxels_atlas" },
                "up": { "uv": [ 5.5, 0.25, 5.75, 0 ], "texture": "#voxels_atlas" },
                "north": { "uv": [ 6, 9.75, 5.75, 10 ], "texture": "#voxels_atlas" },
                "south": { "uv": [ 5.75, 9.5, 6, 9.75 ], "texture": "#voxels_atlas" },
                "west": { "uv": [ 5.75, 9.25, 6, 9.5 ], "texture": "#voxels_atlas" },
                "east": { "uv": [ 6, 9, 5.75, 9.25 ], "texture": "#voxels_atlas" }
            }
        },
        {
            "from": [ 7, 21, 14 ],
            "to": [ 8, 22, 16 ],
            "faces": {
                "down": { "uv": [ 5, 1.5, 5.25, 2 ], "texture": "#voxels_atlas" },
                "up": { "uv": [ 5, 9.5, 5.25, 9 ], "texture": "#voxels_atlas" },
                "north": { "uv": [ 6, 3.25, 5.75, 3.5 ], "texture": "#voxels_atlas" },
                "south": { "uv": [ 5.75, 3, 6, 3.25 ], "texture": "#voxels_atlas" },
                "west": { "uv": [ 5.25, 9.5, 5.75, 9.75 ], "texture": "#voxels_atlas" },
                "east": { "uv": [ 5.75, 9.25, 5.25, 9.5 ], "texture": "#voxels_atlas" }
            }
        },
        {
            "from": [ 8, 14, 1 ],
            "to": [ 9, 15, 3 ],
            "faces": {
                "down": { "uv": [ 5, 1, 5.25, 1.5 ], "texture": "#voxels_atlas" },
                "up": { "uv": [ 5, 1, 5.25, 0.5 ], "texture": "#voxels_atlas" },
                "north": { "uv": [ 6, 4.5, 5.75, 4.75 ], "texture": "#voxels_atlas" },
                "south": { "uv": [ 5.75, 4.25, 6, 4.5 ], "texture": "#voxels_atlas" },
                "west": { "uv": [ 5.25, 8, 5.75, 8.25 ], "texture": "#voxels_atlas" },
                "east": { "uv": [ 5.75, 9.75, 5.25, 10 ], "texture": "#voxels_atlas" }
            }
        },
        {
            "from": [ 8, 15, 0 ],
            "to": [ 9, 16, 1 ],
            "faces": {
                "down": { "uv": [ 5.75, 1.5, 6, 1.75 ], "texture": "#voxels_atlas" },
                "up": { "uv": [ 5.75, 0.25, 6, 0 ], "texture": "#voxels_atlas" },
                "north": { "uv": [ 11.25, 9.75, 11, 10 ], "texture": "#voxels_atlas" },
                "south": { "uv": [ 5.75, 6.25, 6, 6.5 ], "texture": "#voxels_atlas" },
                "west": { "uv": [ 5.75, 6, 6, 6.25 ], "texture": "#voxels_atlas" },
                "east": { "uv": [ 6, 5.25, 5.75, 5.5 ], "texture": "#voxels_atlas" }
            }
        },
        {
            "from": [ 8, 16, -1 ],
            "to": [ 9, 18, 0 ],
            "faces": {
                "down": { "uv": [ 5.75, 5, 6, 5.25 ], "texture": "#voxels_atlas" },
                "up": { "uv": [ 5.75, 5, 6, 4.75 ], "texture": "#voxels_atlas" },
                "north": { "uv": [ 5.25, 0, 5, 0.5 ], "texture": "#voxels_atlas" },
                "south": { "uv": [ 1, 0, 1.25, 0.5 ], "texture": "#voxels_atlas" },
                "west": { "uv": [ 1.25, 0, 1.5, 0.5 ], "texture": "#voxels_atlas" },
                "east": { "uv": [ 15.75, 13, 15.5, 13.5 ], "texture": "#voxels_atlas" }
            }
        },
        {
            "from": [ 8, 18, -2 ],
            "to": [ 9, 20, -1 ],
            "faces": {
                "down": { "uv": [ 5.75, 2, 6, 2.25 ], "texture": "#voxels_atlas" },
                "up": { "uv": [ 5.75, 2, 6, 1.75 ], "texture": "#voxels_atlas" },
                "north": { "uv": [ 16, 13, 15.75, 13.5 ], "texture": "#voxels_atlas" },
                "south": { "uv": [ 5, 4.5, 5.25, 5 ], "texture": "#voxels_atlas" },
                "west": { "uv": [ 4.75, 0.75, 5, 1.25 ], "texture": "#voxels_atlas" },
                "east": { "uv": [ 5, 0.25, 4.75, 0.75 ], "texture": "#voxels_atlas" }
            }
        },
        {
            "from": [ 8, 20, -1 ],
            "to": [ 9, 21, 0 ],
            "faces": {
                "down": { "uv": [ 14.5, 9.75, 14.75, 10 ], "texture": "#voxels_atlas" },
                "up": { "uv": [ 14.75, 10, 15, 9.75 ], "texture": "#voxels_atlas" },
                "north": { "uv": [ 6, 8.75, 5.75, 9 ], "texture": "#voxels_atlas" },
                "south": { "uv": [ 5.75, 8.5, 6, 8.75 ], "texture": "#voxels_atlas" },
                "west": { "uv": [ 5.75, 8.25, 6, 8.5 ], "texture": "#voxels_atlas" },
                "east": { "uv": [ 6, 8, 5.75, 8.25 ], "texture": "#voxels_atlas" }
            }
        },
        {
            "from": [ 8, 20, 2 ],
            "to": [ 9, 21, 3 ],
            "faces": {
                "down": { "uv": [ 5.75, 7.75, 6, 8 ], "texture": "#voxels_atlas" },
                "up": { "uv": [ 5.75, 7.75, 6, 7.5 ], "texture": "#voxels_atlas" },
                "north": { "uv": [ 6, 7.25, 5.75, 7.5 ], "texture": "#voxels_atlas" },
                "south": { "uv": [ 5.75, 7, 6, 7.25 ], "texture": "#voxels_atlas" },
                "west": { "uv": [ 5.75, 6.75, 6, 7 ], "texture": "#voxels_atlas" },
                "east": { "uv": [ 6, 6.5, 5.75, 6.75 ], "texture": "#voxels_atlas" }
            }
        },
        {
            "from": [ 8, 21, 0 ],
            "to": [ 9, 22, 2 ],
            "faces": {
                "down": { "uv": [ 5, 9.5, 5.25, 10 ], "texture": "#voxels_atlas" },
                "up": { "uv": [ 5, 9, 5.25, 8.5 ], "texture": "#voxels_atlas" },
                "north": { "uv": [ 6, 5.75, 5.75, 6 ], "texture": "#voxels_atlas" },
                "south": { "uv": [ 5.75, 5.5, 6, 5.75 ], "texture": "#voxels_atlas" },
                "west": { "uv": [ 15.5, 13.5, 16, 13.75 ], "texture": "#voxels_atlas" },
                "east": { "uv": [ 3, 0, 2.5, 0.25 ], "texture": "#voxels_atlas" }
            }
        },
        {
            "from": [ 10, 13, 4 ],
            "to": [ 12, 22, 5 ],
            "faces": {
                "down": { "uv": [ 3, 0, 3.5, 0.25 ], "texture": "#voxels_atlas" },
                "up": { "uv": [ 3.5, 0.25, 4, 0 ], "texture": "#voxels_atlas" },
                "north": { "uv": [ 3.5, 1.75, 3, 4 ], "texture": "#voxels_atlas" },
                "south": { "uv": [ 2, 5.75, 2.5, 8 ], "texture": "#voxels_atlas" },
                "west": { "uv": [ 4, 10.75, 4.25, 13 ], "texture": "#voxels_atlas" },
                "east": { "uv": [ 4, 0.25, 3.75, 2.5 ], "texture": "#voxels_atlas" }
            }
        },
        {
            "from": [ 10, 13, 11 ],
            "to": [ 12, 22, 12 ],
            "faces": {
                "down": { "uv": [ 15.25, 11.25, 15.75, 11.5 ], "texture": "#voxels_atlas" },
                "up": { "uv": [ 15.25, 11.25, 15.75, 11 ], "texture": "#voxels_atlas" },
                "north": { "uv": [ 2, 5.75, 1.5, 8 ], "texture": "#voxels_atlas" },
                "south": { "uv": [ 1.5, 3.5, 2, 5.75 ], "texture": "#voxels_atlas" },
                "west": { "uv": [ 3.5, 0.25, 3.75, 2.5 ], "texture": "#voxels_atlas" },
                "east": { "uv": [ 4.25, 8.5, 4, 10.75 ], "texture": "#voxels_atlas" }
            }
        },
        {
            "from": [ 11, 13, 5 ],
            "to": [ 13, 22, 6 ],
            "faces": {
                "down": { "uv": [ 15.25, 10.75, 15.75, 11 ], "texture": "#voxels_atlas" },
                "up": { "uv": [ 10, 10.25, 10.5, 10 ], "texture": "#voxels_atlas" },
                "north": { "uv": [ 3, 1.75, 2.5, 4 ], "texture": "#voxels_atlas" },
                "south": { "uv": [ 2, 3.5, 2.5, 5.75 ], "texture": "#voxels_atlas" },
                "west": { "uv": [ 3.75, 2.5, 4, 4.75 ], "texture": "#voxels_atlas" },
                "east": { "uv": [ 3.75, 2.5, 3.5, 4.75 ], "texture": "#voxels_atlas" }
            }
        },
        {
            "from": [ 11, 13, 10 ],
            "to": [ 13, 22, 11 ],
            "faces": {
                "down": { "uv": [ 10.5, 10, 11, 10.25 ], "texture": "#voxels_atlas" },
                "up": { "uv": [ 13, 10.25, 13.5, 10 ], "texture": "#voxels_atlas" },
                "north": { "uv": [ 2, 1.25, 1.5, 3.5 ], "texture": "#voxels_atlas" },
                "south": { "uv": [ 2, 1.25, 2.5, 3.5 ], "texture": "#voxels_atlas" },
                "west": { "uv": [ 1.25, 0.5, 1.5, 2.75 ], "texture": "#voxels_atlas" },
                "east": { "uv": [ 1.5, 2.75, 1.25, 5 ], "texture": "#voxels_atlas" }
            }
        },
        {
            "from": [ 11, 22, 3 ],
            "to": [ 12, 23, 4 ],
            "faces": {
                "down": { "uv": [ 7, 9.75, 7.25, 10 ], "texture": "#voxels_atlas" },
                "up": { "uv": [ 7.25, 10, 7.5, 9.75 ], "texture": "#voxels_atlas" },
                "north": { "uv": [ 7.75, 9.75, 7.5, 10 ], "texture": "#voxels_atlas" },
                "south": { "uv": [ 7.75, 9.75, 8, 10 ], "texture": "#voxels_atlas" },
                "west": { "uv": [ 8, 9.75, 8.25, 10 ], "texture": "#voxels_atlas" },
                "east": { "uv": [ 8.5, 9.75, 8.25, 10 ], "texture": "#voxels_atlas" }
            }
        },
        {
            "from": [ 11, 22, 12 ],
            "to": [ 12, 23, 13 ],
            "faces": {
                "down": { "uv": [ 8.5, 9.75, 8.75, 10 ], "texture": "#voxels_atlas" },
                "up": { "uv": [ 8.75, 10, 9, 9.75 ], "texture": "#voxels_atlas" },
                "north": { "uv": [ 9.25, 9.75, 9, 10 ], "texture": "#voxels_atlas" },
                "south": { "uv": [ 15.75, 9.75, 16, 10 ], "texture": "#voxels_atlas" },
                "west": { "uv": [ 9.5, 9.75, 9.75, 10 ], "texture": "#voxels_atlas" },
                "east": { "uv": [ 10, 9.75, 9.75, 10 ], "texture": "#voxels_atlas" }
            }
        },
        {
            "from": [ 12, 13, 6 ],
            "to": [ 13, 22, 10 ],
            "faces": {
                "down": { "uv": [ 4.5, 0, 4.75, 1 ], "texture": "#voxels_atlas" },
                "up": { "uv": [ 4.75, 2.25, 5, 1.25 ], "texture": "#voxels_atlas" },
                "north": { "uv": [ 1.5, 5, 1.25, 7.25 ], "texture": "#voxels_atlas" },
                "south": { "uv": [ 1.25, 7.25, 1.5, 9.5 ], "texture": "#voxels_atlas" },
                "west": { "uv": [ 1.5, 9.5, 2.5, 11.75 ], "texture": "#voxels_atlas" },
                "east": { "uv": [ 2.5, 11.75, 1.5, 14 ], "texture": "#voxels_atlas" }
            }
        },
        {
            "from": [ 12, 22, 4 ],
            "to": [ 13, 23, 5 ],
            "faces": {
                "down": { "uv": [ 11.5, 9.75, 11.75, 10 ], "texture": "#voxels_atlas" },
                "up": { "uv": [ 11.75, 10, 12, 9.75 ], "texture": "#voxels_atlas" },
                "north": { "uv": [ 12.25, 9.75, 12, 10 ], "texture": "#voxels_atlas" },
                "south": { "uv": [ 12.25, 9.75, 12.5, 10 ], "texture": "#voxels_atlas" },
                "west": { "uv": [ 12.5, 9.75, 12.75, 10 ], "texture": "#voxels_atlas" },
                "east": { "uv": [ 13, 9.75, 12.75, 10 ], "texture": "#voxels_atlas" }
            }
        },
        {
            "from": [ 12, 22, 11 ],
            "to": [ 13, 23, 12 ],
            "faces": {
                "down": { "uv": [ 13, 9.75, 13.25, 10 ], "texture": "#voxels_atlas" },
                "up": { "uv": [ 13.25, 10, 13.5, 9.75 ], "texture": "#voxels_atlas" },
                "north": { "uv": [ 13.75, 9.75, 13.5, 10 ], "texture": "#voxels_atlas" },
                "south": { "uv": [ 13.75, 9.75, 14, 10 ], "texture": "#voxels_atlas" },
                "west": { "uv": [ 14, 9.75, 14.25, 10 ], "texture": "#voxels_atlas" },
                "east": { "uv": [ 14.5, 9.75, 14.25, 10 ], "texture": "#voxels_atlas" }
            }
        },
        {
            "from": [ 13, 22, 5 ],
            "to": [ 14, 23, 11 ],
            "faces": {
                "down": { "uv": [ 4.5, 2.5, 4.75, 4 ], "texture": "#voxels_atlas" },
                "up": { "uv": [ 4.75, 6.25, 5, 4.75 ], "texture": "#voxels_atlas" },
                "north": { "uv": [ 15.25, 9.75, 15, 10 ], "texture": "#voxels_atlas" },
                "south": { "uv": [ 15.25, 9.75, 15.5, 10 ], "texture": "#voxels_atlas" },
                "west": { "uv": [ 10.75, 11.5, 12.25, 11.75 ], "texture": "#voxels_atlas" },
                "east": { "uv": [ 6.25, 11, 4.75, 11.25 ], "texture": "#voxels_atlas" }
            }
        }
    ],
    "display": {
        "head": {
            "rotation": [ 0, 90, 0 ],
            "translation": [ 0, -45, 0 ],
            "scale": [ 1.3, 1.3, 1.3 ]
        }
    }
}
