{
    "__comment": "Designed by vincebobogunoosh for AvatarMC with Cubik Studio - https://cubik.studio",
    "textures": {
        "lotus_tile_atlas": "avatarmc:items/currency/lotus_tile_atlas"
    },
    "elements": [
        {
            "from": [ 0.25, 6, 7.5 ],
            "to": [ 16, 9.75, 8.25 ],
            "faces": {
                "down": { "uv": [ 3.9375, 14.375, 7.875, 14.5625 ], "texture": "#lotus_tile_atlas" },
                "up": { "uv": [ 0, 14.5625, 3.9375, 14.375 ], "texture": "#lotus_tile_atlas" },
                "north": { "uv": [ 3.9375, 15.0625, 0, 16 ], "texture": "#lotus_tile_atlas" },
                "south": { "uv": [ 3.9375, 15.0625, 7.875, 16 ], "texture": "#lotus_tile_atlas" },
                "west": { "uv": [ 0, 7.625, 0.1875, 8.5625 ], "texture": "#lotus_tile_atlas" },
                "east": { "uv": [ 0.1875, 6.6875, 0, 7.625 ], "texture": "#lotus_tile_atlas" }
            }
        },
        {
            "from": [ 0.5, 5, 7.5 ],
            "to": [ 15.75, 6, 8.25 ],
            "faces": {
                "down": { "uv": [ 0, 14.1875, 3.8125, 14.375 ], "texture": "#lotus_tile_atlas" },
                "up": { "uv": [ 3.8125, 14.375, 7.625, 14.1875 ], "texture": "#lotus_tile_atlas" },
                "north": { "uv": [ 3.8125, 14.8125, 0, 15.0625 ], "texture": "#lotus_tile_atlas" },
                "south": { "uv": [ 3.8125, 14.8125, 7.625, 15.0625 ], "texture": "#lotus_tile_atlas" },
                "west": { "uv": [ 7.625, 14.8125, 7.8125, 15.0625 ], "texture": "#lotus_tile_atlas" },
                "east": { "uv": [ 8, 14.8125, 7.8125, 15.0625 ], "texture": "#lotus_tile_atlas" }
            }
        },
        {
            "from": [ 0.5, 9.75, 7.5 ],
            "to": [ 15.75, 10.75, 8.25 ],
            "faces": {
                "down": { "uv": [ 0, 14, 3.8125, 14.1875 ], "texture": "#lotus_tile_atlas" },
                "up": { "uv": [ 3.8125, 14.1875, 7.625, 14 ], "texture": "#lotus_tile_atlas" },
                "north": { "uv": [ 3.8125, 14.5625, 0, 14.8125 ], "texture": "#lotus_tile_atlas" },
                "south": { "uv": [ 3.8125, 14.5625, 7.625, 14.8125 ], "texture": "#lotus_tile_atlas" },
                "west": { "uv": [ 7.8125, 14.5625, 8, 14.8125 ], "texture": "#lotus_tile_atlas" },
                "east": { "uv": [ 7.8125, 14.5625, 7.625, 14.8125 ], "texture": "#lotus_tile_atlas" }
            }
        },
        {
            "from": [ 0.75, 4.5, 7.5 ],
            "to": [ 15.5, 5, 8.25 ],
            "faces": {
                "down": { "uv": [ 0, 13.625, 3.6875, 13.8125 ], "texture": "#lotus_tile_atlas" },
                "up": { "uv": [ 3.6875, 13.8125, 7.375, 13.625 ], "texture": "#lotus_tile_atlas" },
                "north": { "uv": [ 3.6875, 10.5, 0, 10.625 ], "texture": "#lotus_tile_atlas" },
                "south": { "uv": [ 3.6875, 10.5, 7.375, 10.625 ], "texture": "#lotus_tile_atlas" },
                "west": { "uv": [ 7.75, 13.6875, 7.9375, 13.8125 ], "texture": "#lotus_tile_atlas" },
                "east": { "uv": [ 7.75, 13.6875, 7.5625, 13.8125 ], "texture": "#lotus_tile_atlas" }
            }
        },
        {
            "from": [ 0.75, 10.75, 7.5 ],
            "to": [ 15.5, 11.25, 8.25 ],
            "faces": {
                "down": { "uv": [ 0, 13.8125, 3.6875, 14 ], "texture": "#lotus_tile_atlas" },
                "up": { "uv": [ 3.6875, 14, 7.375, 13.8125 ], "texture": "#lotus_tile_atlas" },
                "north": { "uv": [ 3.6875, 10.375, 0, 10.5 ], "texture": "#lotus_tile_atlas" },
                "south": { "uv": [ 3.6875, 10.375, 7.375, 10.5 ], "texture": "#lotus_tile_atlas" },
                "west": { "uv": [ 7.5625, 13.875, 7.75, 14 ], "texture": "#lotus_tile_atlas" },
                "east": { "uv": [ 7.5625, 13.875, 7.375, 14 ], "texture": "#lotus_tile_atlas" }
            }
        },
        {
            "from": [ 1, 4, 7.5 ],
            "to": [ 15.25, 4.5, 8.25 ],
            "faces": {
                "down": { "uv": [ 0, 13.25, 3.5625, 13.4375 ], "texture": "#lotus_tile_atlas" },
                "up": { "uv": [ 3.5625, 13.4375, 7.125, 13.25 ], "texture": "#lotus_tile_atlas" },
                "north": { "uv": [ 3.5625, 9.9375, 0, 10.0625 ], "texture": "#lotus_tile_atlas" },
                "south": { "uv": [ 3.5625, 10.0625, 7.125, 10.1875 ], "texture": "#lotus_tile_atlas" },
                "west": { "uv": [ 7.8125, 14.25, 8, 14.375 ], "texture": "#lotus_tile_atlas" },
                "east": { "uv": [ 7.8125, 14.25, 7.625, 14.375 ], "texture": "#lotus_tile_atlas" }
            }
        },
        {
            "from": [ 1, 11.25, 7.5 ],
            "to": [ 15.25, 11.75, 8.25 ],
            "faces": {
                "down": { "uv": [ 3.5625, 13.4375, 7.125, 13.625 ], "texture": "#lotus_tile_atlas" },
                "up": { "uv": [ 0, 13.625, 3.5625, 13.4375 ], "texture": "#lotus_tile_atlas" },
                "north": { "uv": [ 3.5625, 10.0625, 0, 10.1875 ], "texture": "#lotus_tile_atlas" },
                "south": { "uv": [ 3.5625, 9.9375, 7.125, 10.0625 ], "texture": "#lotus_tile_atlas" },
                "west": { "uv": [ 7.6875, 13.5, 7.875, 13.625 ], "texture": "#lotus_tile_atlas" },
                "east": { "uv": [ 7.6875, 13.5, 7.5, 13.625 ], "texture": "#lotus_tile_atlas" }
            }
        },
        {
            "from": [ 1.25, 3.5, 7.5 ],
            "to": [ 15, 4, 8.25 ],
            "faces": {
                "down": { "uv": [ 3.4375, 13.0625, 6.875, 13.25 ], "texture": "#lotus_tile_atlas" },
                "up": { "uv": [ 0, 13.25, 3.4375, 13.0625 ], "texture": "#lotus_tile_atlas" },
                "north": { "uv": [ 5.75, 9.8125, 2.3125, 9.9375 ], "texture": "#lotus_tile_atlas" },
                "south": { "uv": [ 0, 9.625, 3.4375, 9.75 ], "texture": "#lotus_tile_atlas" },
                "west": { "uv": [ 7.3125, 13.5, 7.5, 13.625 ], "texture": "#lotus_tile_atlas" },
                "east": { "uv": [ 7.3125, 13.3125, 7.125, 13.4375 ], "texture": "#lotus_tile_atlas" }
            }
        },
        {
            "from": [ 1.25, 11.75, 7.5 ],
            "to": [ 15, 12.25, 8.25 ],
            "faces": {
                "down": { "uv": [ 3.4375, 12.875, 6.875, 13.0625 ], "texture": "#lotus_tile_atlas" },
                "up": { "uv": [ 0, 13.0625, 3.4375, 12.875 ], "texture": "#lotus_tile_atlas" },
                "north": { "uv": [ 6.875, 9.625, 3.4375, 9.75 ], "texture": "#lotus_tile_atlas" },
                "south": { "uv": [ 0, 9.5, 3.4375, 9.625 ], "texture": "#lotus_tile_atlas" },
                "west": { "uv": [ 7.3125, 13.3125, 7.5, 13.4375 ], "texture": "#lotus_tile_atlas" },
                "east": { "uv": [ 7.3125, 13.5, 7.125, 13.625 ], "texture": "#lotus_tile_atlas" }
            }
        },
        {
            "from": [ 1.5, 3.25, 7.5 ],
            "to": [ 14.75, 3.5, 8.25 ],
            "faces": {
                "down": { "uv": [ 3.3125, 12.5, 6.625, 12.6875 ], "texture": "#lotus_tile_atlas" },
                "up": { "uv": [ 0, 12.6875, 3.3125, 12.5 ], "texture": "#lotus_tile_atlas" },
                "north": { "uv": [ 5.625, 9.75, 2.3125, 9.8125 ], "texture": "#lotus_tile_atlas" },
                "south": { "uv": [ 3.0625, 9.125, 6.375, 9.1875 ], "texture": "#lotus_tile_atlas" },
                "west": { "uv": [ 7.75, 12.6875, 7.9375, 12.75 ], "texture": "#lotus_tile_atlas" },
                "east": { "uv": [ 7.9375, 12.75, 7.75, 12.8125 ], "texture": "#lotus_tile_atlas" }
            }
        },
        {
            "from": [ 1.5, 12.25, 7.5 ],
            "to": [ 14.75, 12.5, 8.25 ],
            "faces": {
                "down": { "uv": [ 3.3125, 12.6875, 6.625, 12.875 ], "texture": "#lotus_tile_atlas" },
                "up": { "uv": [ 0, 12.875, 3.3125, 12.6875 ], "texture": "#lotus_tile_atlas" },
                "north": { "uv": [ 6.375, 9.0625, 3.0625, 9.125 ], "texture": "#lotus_tile_atlas" },
                "south": { "uv": [ 1.4375, 8.8125, 4.75, 8.875 ], "texture": "#lotus_tile_atlas" },
                "west": { "uv": [ 7.8125, 12.875, 8, 12.9375 ], "texture": "#lotus_tile_atlas" },
                "east": { "uv": [ 8, 12.9375, 7.8125, 13 ], "texture": "#lotus_tile_atlas" }
            }
        },
        {
            "from": [ 1.75, 3, 7.5 ],
            "to": [ 14.5, 3.25, 8.25 ],
            "faces": {
                "down": { "uv": [ 0, 12.125, 3.1875, 12.3125 ], "texture": "#lotus_tile_atlas" },
                "up": { "uv": [ 3.1875, 12.3125, 6.375, 12.125 ], "texture": "#lotus_tile_atlas" },
                "north": { "uv": [ 4.625, 8.75, 1.4375, 8.8125 ], "texture": "#lotus_tile_atlas" },
                "south": { "uv": [ 1.4375, 8.6875, 4.625, 8.75 ], "texture": "#lotus_tile_atlas" },
                "west": { "uv": [ 7.6875, 13.25, 7.875, 13.3125 ], "texture": "#lotus_tile_atlas" },
                "east": { "uv": [ 7.875, 13.3125, 7.6875, 13.375 ], "texture": "#lotus_tile_atlas" }
            }
        },
        {
            "from": [ 1.75, 12.5, 7.5 ],
            "to": [ 14.5, 12.75, 8.25 ],
            "faces": {
                "down": { "uv": [ 3.1875, 12.3125, 6.375, 12.5 ], "texture": "#lotus_tile_atlas" },
                "up": { "uv": [ 0, 12.5, 3.1875, 12.3125 ], "texture": "#lotus_tile_atlas" },
                "north": { "uv": [ 7.9375, 8.8125, 4.75, 8.875 ], "texture": "#lotus_tile_atlas" },
                "south": { "uv": [ 4.75, 8.75, 7.9375, 8.8125 ], "texture": "#lotus_tile_atlas" },
                "west": { "uv": [ 7.3125, 13.25, 7.5, 13.3125 ], "texture": "#lotus_tile_atlas" },
                "east": { "uv": [ 7.3125, 13.25, 7.125, 13.3125 ], "texture": "#lotus_tile_atlas" }
            }
        },
        {
            "from": [ 2, 2.5, 7.5 ],
            "to": [ 14.25, 3, 8.25 ],
            "faces": {
                "down": { "uv": [ 3.0625, 11.75, 6.125, 11.9375 ], "texture": "#lotus_tile_atlas" },
                "up": { "uv": [ 0, 11.9375, 3.0625, 11.75 ], "texture": "#lotus_tile_atlas" },
                "north": { "uv": [ 3.0625, 9.1875, 0, 9.3125 ], "texture": "#lotus_tile_atlas" },
                "south": { "uv": [ 3.0625, 9.1875, 6.125, 9.3125 ], "texture": "#lotus_tile_atlas" },
                "west": { "uv": [ 7.625, 14.0625, 7.8125, 14.1875 ], "texture": "#lotus_tile_atlas" },
                "east": { "uv": [ 8, 14.0625, 7.8125, 14.1875 ], "texture": "#lotus_tile_atlas" }
            }
        },
        {
            "from": [ 2, 12.75, 7.5 ],
            "to": [ 14.25, 13.25, 8.25 ],
            "faces": {
                "down": { "uv": [ 3.0625, 11.9375, 6.125, 12.125 ], "texture": "#lotus_tile_atlas" },
                "up": { "uv": [ 0, 12.125, 3.0625, 11.9375 ], "texture": "#lotus_tile_atlas" },
                "north": { "uv": [ 3.0625, 9.0625, 0, 9.1875 ], "texture": "#lotus_tile_atlas" },
                "south": { "uv": [ 3.4375, 9.5, 6.5, 9.625 ], "texture": "#lotus_tile_atlas" },
                "west": { "uv": [ 7.75, 13.875, 7.9375, 14 ], "texture": "#lotus_tile_atlas" },
                "east": { "uv": [ 7.5625, 13.6875, 7.375, 13.8125 ], "texture": "#lotus_tile_atlas" }
            }
        },
        {
            "from": [ 2.25, 2.25, 7.5 ],
            "to": [ 14, 2.5, 8.25 ],
            "faces": {
                "down": { "uv": [ 0, 11.375, 2.9375, 11.5625 ], "texture": "#lotus_tile_atlas" },
                "up": { "uv": [ 2.9375, 11.75, 5.875, 11.5625 ], "texture": "#lotus_tile_atlas" },
                "north": { "uv": [ 7.6875, 8.6875, 4.75, 8.75 ], "texture": "#lotus_tile_atlas" },
                "south": { "uv": [ 0, 8.625, 2.9375, 8.6875 ], "texture": "#lotus_tile_atlas" },
                "west": { "uv": [ 7.8125, 14, 8, 14.0625 ], "texture": "#lotus_tile_atlas" },
                "east": { "uv": [ 7.8125, 14, 7.625, 14.0625 ], "texture": "#lotus_tile_atlas" }
            }
        },
        {
            "from": [ 2.25, 13.25, 7.5 ],
            "to": [ 14, 13.5, 8.25 ],
            "faces": {
                "down": { "uv": [ 2.9375, 11.375, 5.875, 11.5625 ], "texture": "#lotus_tile_atlas" },
                "up": { "uv": [ 0, 11.75, 2.9375, 11.5625 ], "texture": "#lotus_tile_atlas" },
                "north": { "uv": [ 5.875, 8.625, 2.9375, 8.6875 ], "texture": "#lotus_tile_atlas" },
                "south": { "uv": [ 0, 8.5625, 2.9375, 8.625 ], "texture": "#lotus_tile_atlas" },
                "west": { "uv": [ 7.75, 12.625, 7.9375, 12.6875 ], "texture": "#lotus_tile_atlas" },
                "east": { "uv": [ 7.75, 12.5, 7.5625, 12.5625 ], "texture": "#lotus_tile_atlas" }
            }
        },
        {
            "from": [ 2.5, 2, 7.5 ],
            "to": [ 13.75, 2.25, 8.25 ],
            "faces": {
                "down": { "uv": [ 2.8125, 11.1875, 5.625, 11.375 ], "texture": "#lotus_tile_atlas" },
                "up": { "uv": [ 0, 11.1875, 2.8125, 11 ], "texture": "#lotus_tile_atlas" },
                "north": { "uv": [ 5.75, 8.5625, 2.9375, 8.625 ], "texture": "#lotus_tile_atlas" },
                "south": { "uv": [ 0.1875, 8.5, 3, 8.5625 ], "texture": "#lotus_tile_atlas" },
                "west": { "uv": [ 7.8125, 12.3125, 8, 12.375 ], "texture": "#lotus_tile_atlas" },
                "east": { "uv": [ 8, 12.25, 7.8125, 12.3125 ], "texture": "#lotus_tile_atlas" }
            }
        },
        {
            "from": [ 2.5, 13.5, 7.5 ],
            "to": [ 13.75, 13.75, 8.25 ],
            "faces": {
                "down": { "uv": [ 0, 11.1875, 2.8125, 11.375 ], "texture": "#lotus_tile_atlas" },
                "up": { "uv": [ 2.8125, 11.1875, 5.625, 11 ], "texture": "#lotus_tile_atlas" },
                "north": { "uv": [ 5.8125, 8.5, 3, 8.5625 ], "texture": "#lotus_tile_atlas" },
                "south": { "uv": [ 0.1875, 8.4375, 3, 8.5 ], "texture": "#lotus_tile_atlas" },
                "west": { "uv": [ 7.625, 14.1875, 7.8125, 14.25 ], "texture": "#lotus_tile_atlas" },
                "east": { "uv": [ 8, 14.1875, 7.8125, 14.25 ], "texture": "#lotus_tile_atlas" }
            }
        },
        {
            "from": [ 2.75, 1.75, 7.5 ],
            "to": [ 13.5, 2, 8.25 ],
            "faces": {
                "down": { "uv": [ 2.6875, 10.625, 5.375, 10.8125 ], "texture": "#lotus_tile_atlas" },
                "up": { "uv": [ 0, 10.8125, 2.6875, 10.625 ], "texture": "#lotus_tile_atlas" },
                "north": { "uv": [ 2.875, 8.375, 0.1875, 8.4375 ], "texture": "#lotus_tile_atlas" },
                "south": { "uv": [ 2.875, 8.375, 5.5625, 8.4375 ], "texture": "#lotus_tile_atlas" },
                "west": { "uv": [ 7.75, 13.8125, 7.9375, 13.875 ], "texture": "#lotus_tile_atlas" },
                "east": { "uv": [ 7.5625, 13.625, 7.375, 13.6875 ], "texture": "#lotus_tile_atlas" }
            }
        },
        {
            "from": [ 2.75, 13.75, 7.5 ],
            "to": [ 13.5, 14, 8.25 ],
            "faces": {
                "down": { "uv": [ 2.6875, 10.8125, 5.375, 11 ], "texture": "#lotus_tile_atlas" },
                "up": { "uv": [ 0, 11, 2.6875, 10.8125 ], "texture": "#lotus_tile_atlas" },
                "north": { "uv": [ 5.6875, 8.4375, 3, 8.5 ], "texture": "#lotus_tile_atlas" },
                "south": { "uv": [ 0.1875, 8.3125, 2.875, 8.375 ], "texture": "#lotus_tile_atlas" },
                "west": { "uv": [ 7.5625, 13.625, 7.75, 13.6875 ], "texture": "#lotus_tile_atlas" },
                "east": { "uv": [ 7.9375, 13.625, 7.75, 13.6875 ], "texture": "#lotus_tile_atlas" }
            }
        },
        {
            "from": [ 3.25, 1.5, 7.5 ],
            "to": [ 13, 1.75, 8.25 ],
            "faces": {
                "down": { "uv": [ 2.4375, 10.1875, 4.875, 10.375 ], "texture": "#lotus_tile_atlas" },
                "up": { "uv": [ 0, 10.375, 2.4375, 10.1875 ], "texture": "#lotus_tile_atlas" },
                "north": { "uv": [ 7.75, 8.3125, 5.3125, 8.375 ], "texture": "#lotus_tile_atlas" },
                "south": { "uv": [ 0.1875, 8.25, 2.625, 8.3125 ], "texture": "#lotus_tile_atlas" },
                "west": { "uv": [ 7.5, 13.4375, 7.6875, 13.5 ], "texture": "#lotus_tile_atlas" },
                "east": { "uv": [ 7.875, 13.4375, 7.6875, 13.5 ], "texture": "#lotus_tile_atlas" }
            }
        },
        {
            "from": [ 3.25, 14, 7.5 ],
            "to": [ 13, 14.25, 8.25 ],
            "faces": {
                "down": { "uv": [ 5.375, 10.625, 7.8125, 10.8125 ], "texture": "#lotus_tile_atlas" },
                "up": { "uv": [ 5.375, 11, 7.8125, 10.8125 ], "texture": "#lotus_tile_atlas" },
                "north": { "uv": [ 5.3125, 8.3125, 2.875, 8.375 ], "texture": "#lotus_tile_atlas" },
                "south": { "uv": [ 5.5625, 8.375, 8, 8.4375 ], "texture": "#lotus_tile_atlas" },
                "west": { "uv": [ 7.5, 13.25, 7.6875, 13.3125 ], "texture": "#lotus_tile_atlas" },
                "east": { "uv": [ 7.875, 13.375, 7.6875, 13.4375 ], "texture": "#lotus_tile_atlas" }
            }
        },
        {
            "from": [ 3.5, 1.25, 7.5 ],
            "to": [ 12.75, 1.5, 8.25 ],
            "faces": {
                "down": { "uv": [ 5.625, 11, 7.9375, 11.1875 ], "texture": "#lotus_tile_atlas" },
                "up": { "uv": [ 4.875, 10.375, 7.1875, 10.1875 ], "texture": "#lotus_tile_atlas" },
                "north": { "uv": [ 7.25, 8.25, 4.9375, 8.3125 ], "texture": "#lotus_tile_atlas" },
                "south": { "uv": [ 0.1875, 8.1875, 2.5, 8.25 ], "texture": "#lotus_tile_atlas" },
                "west": { "uv": [ 7.8125, 13.0625, 8, 13.125 ], "texture": "#lotus_tile_atlas" },
                "east": { "uv": [ 8, 13, 7.8125, 13.0625 ], "texture": "#lotus_tile_atlas" }
            }
        },
        {
            "from": [ 3.5, 14.25, 7.5 ],
            "to": [ 12.75, 14.5, 8.25 ],
            "faces": {
                "down": { "uv": [ 0, 9.75, 2.3125, 9.9375 ], "texture": "#lotus_tile_atlas" },
                "up": { "uv": [ 5.625, 11.375, 7.9375, 11.1875 ], "texture": "#lotus_tile_atlas" },
                "north": { "uv": [ 8, 8.4375, 5.6875, 8.5 ], "texture": "#lotus_tile_atlas" },
                "south": { "uv": [ 2.625, 8.25, 4.9375, 8.3125 ], "texture": "#lotus_tile_atlas" },
                "west": { "uv": [ 7.5625, 12.6875, 7.75, 12.75 ], "texture": "#lotus_tile_atlas" },
                "east": { "uv": [ 7.9375, 12.8125, 7.75, 12.875 ], "texture": "#lotus_tile_atlas" }
            }
        },
        {
            "from": [ 3.75, 1, 7.5 ],
            "to": [ 12.5, 1.25, 8.25 ],
            "faces": {
                "down": { "uv": [ 4.375, 9.3125, 6.5625, 9.5 ], "texture": "#lotus_tile_atlas" },
                "up": { "uv": [ 2.1875, 9.5, 4.375, 9.3125 ], "texture": "#lotus_tile_atlas" },
                "north": { "uv": [ 4.6875, 8.1875, 2.5, 8.25 ], "texture": "#lotus_tile_atlas" },
                "south": { "uv": [ 4.6875, 8.1875, 6.875, 8.25 ], "texture": "#lotus_tile_atlas" },
                "west": { "uv": [ 7.75, 12.5625, 7.9375, 12.625 ], "texture": "#lotus_tile_atlas" },
                "east": { "uv": [ 7.9375, 12.5, 7.75, 12.5625 ], "texture": "#lotus_tile_atlas" }
            }
        },
        {
            "from": [ 3.75, 14.5, 7.5 ],
            "to": [ 12.5, 14.75, 8.25 ],
            "faces": {
                "down": { "uv": [ 0, 9.3125, 2.1875, 9.5 ], "texture": "#lotus_tile_atlas" },
                "up": { "uv": [ 5.75, 9.9375, 7.9375, 9.75 ], "texture": "#lotus_tile_atlas" },
                "north": { "uv": [ 7.9375, 8.5625, 5.75, 8.625 ], "texture": "#lotus_tile_atlas" },
                "south": { "uv": [ 5.8125, 8.5, 8, 8.5625 ], "texture": "#lotus_tile_atlas" },
                "west": { "uv": [ 7.8125, 12.1875, 8, 12.25 ], "texture": "#lotus_tile_atlas" },
                "east": { "uv": [ 8, 12.125, 7.8125, 12.1875 ], "texture": "#lotus_tile_atlas" }
            }
        },
        {
            "from": [ 4.25, 0.75, 7.5 ],
            "to": [ 12, 1, 8.25 ],
            "faces": {
                "down": { "uv": [ 5.875, 11.5625, 7.8125, 11.75 ], "texture": "#lotus_tile_atlas" },
                "up": { "uv": [ 5.875, 11.5625, 7.8125, 11.375 ], "texture": "#lotus_tile_atlas" },
                "north": { "uv": [ 7.8125, 8.625, 5.875, 8.6875 ], "texture": "#lotus_tile_atlas" },
                "south": { "uv": [ 4.0625, 8.125, 6, 8.1875 ], "texture": "#lotus_tile_atlas" },
                "west": { "uv": [ 7.375, 13.8125, 7.5625, 13.875 ], "texture": "#lotus_tile_atlas" },
                "east": { "uv": [ 7.75, 13.8125, 7.5625, 13.875 ], "texture": "#lotus_tile_atlas" }
            }
        },
        {
            "from": [ 4.25, 14.75, 7.5 ],
            "to": [ 12, 15, 8.25 ],
            "faces": {
                "down": { "uv": [ 0, 8.875, 1.9375, 9.0625 ], "texture": "#lotus_tile_atlas" },
                "up": { "uv": [ 1.9375, 9.0625, 3.875, 8.875 ], "texture": "#lotus_tile_atlas" },
                "north": { "uv": [ 4.0625, 8.125, 2.125, 8.1875 ], "texture": "#lotus_tile_atlas" },
                "south": { "uv": [ 0.1875, 8.125, 2.125, 8.1875 ], "texture": "#lotus_tile_atlas" },
                "west": { "uv": [ 7.125, 13.4375, 7.3125, 13.5 ], "texture": "#lotus_tile_atlas" },
                "east": { "uv": [ 7.5, 13.4375, 7.3125, 13.5 ], "texture": "#lotus_tile_atlas" }
            }
        },
        {
            "from": [ 4.75, 0.5, 7.5 ],
            "to": [ 11.5, 0.75, 8.25 ],
            "faces": {
                "down": { "uv": [ 6.125, 11.9375, 7.8125, 12.125 ], "texture": "#lotus_tile_atlas" },
                "up": { "uv": [ 6.125, 11.9375, 7.8125, 11.75 ], "texture": "#lotus_tile_atlas" },
                "north": { "uv": [ 1.875, 8.0625, 0.1875, 8.125 ], "texture": "#lotus_tile_atlas" },
                "south": { "uv": [ 6, 8.125, 7.6875, 8.1875 ], "texture": "#lotus_tile_atlas" },
                "west": { "uv": [ 7.5, 13.375, 7.6875, 13.4375 ], "texture": "#lotus_tile_atlas" },
                "east": { "uv": [ 7.6875, 13.3125, 7.5, 13.375 ], "texture": "#lotus_tile_atlas" }
            }
        },
        {
            "from": [ 4.75, 15, 7.5 ],
            "to": [ 11.5, 15.25, 8.25 ],
            "faces": {
                "down": { "uv": [ 3.875, 8.875, 5.5625, 9.0625 ], "texture": "#lotus_tile_atlas" },
                "up": { "uv": [ 5.5625, 9.0625, 7.25, 8.875 ], "texture": "#lotus_tile_atlas" },
                "north": { "uv": [ 7.8125, 9.1875, 6.125, 9.25 ], "texture": "#lotus_tile_atlas" },
                "south": { "uv": [ 6.125, 9.25, 7.8125, 9.3125 ], "texture": "#lotus_tile_atlas" },
                "west": { "uv": [ 7.8125, 13.1875, 8, 13.25 ], "texture": "#lotus_tile_atlas" },
                "east": { "uv": [ 8, 13.125, 7.8125, 13.1875 ], "texture": "#lotus_tile_atlas" }
            }
        },
        {
            "from": [ 5.25, 0.25, 7.5 ],
            "to": [ 11, 0.5, 8.25 ],
            "faces": {
                "down": { "uv": [ 6.375, 12.3125, 7.8125, 12.5 ], "texture": "#lotus_tile_atlas" },
                "up": { "uv": [ 6.375, 12.3125, 7.8125, 12.125 ], "texture": "#lotus_tile_atlas" },
                "north": { "uv": [ 7.9375, 9.5, 6.5, 9.5625 ], "texture": "#lotus_tile_atlas" },
                "south": { "uv": [ 6.5, 9.5625, 7.9375, 9.625 ], "texture": "#lotus_tile_atlas" },
                "west": { "uv": [ 7.5625, 12.8125, 7.75, 12.875 ], "texture": "#lotus_tile_atlas" },
                "east": { "uv": [ 7.75, 12.75, 7.5625, 12.8125 ], "texture": "#lotus_tile_atlas" }
            }
        },
        {
            "from": [ 5.25, 15.25, 7.5 ],
            "to": [ 11, 15.5, 8.25 ],
            "faces": {
                "down": { "uv": [ 6.5625, 9.3125, 8, 9.5 ], "texture": "#lotus_tile_atlas" },
                "up": { "uv": [ 0, 8.875, 1.4375, 8.6875 ], "texture": "#lotus_tile_atlas" },
                "north": { "uv": [ 7.8125, 9.125, 6.375, 9.1875 ], "texture": "#lotus_tile_atlas" },
                "south": { "uv": [ 6.375, 9.0625, 7.8125, 9.125 ], "texture": "#lotus_tile_atlas" },
                "west": { "uv": [ 7.5625, 12.625, 7.75, 12.6875 ], "texture": "#lotus_tile_atlas" },
                "east": { "uv": [ 7.75, 12.5625, 7.5625, 12.625 ], "texture": "#lotus_tile_atlas" }
            }
        },
        {
            "from": [ 6.25, 0, 7.5 ],
            "to": [ 10, 0.25, 8.25 ],
            "faces": {
                "down": { "uv": [ 6.625, 12.6875, 7.5625, 12.875 ], "texture": "#lotus_tile_atlas" },
                "up": { "uv": [ 6.625, 12.6875, 7.5625, 12.5 ], "texture": "#lotus_tile_atlas" },
                "north": { "uv": [ 7.8125, 9.625, 6.875, 9.6875 ], "texture": "#lotus_tile_atlas" },
                "south": { "uv": [ 6.875, 8.1875, 7.8125, 8.25 ], "texture": "#lotus_tile_atlas" },
                "west": { "uv": [ 7.8125, 12.4375, 8, 12.5 ], "texture": "#lotus_tile_atlas" },
                "east": { "uv": [ 8, 12.375, 7.8125, 12.4375 ], "texture": "#lotus_tile_atlas" }
            }
        },
        {
            "from": [ 6.25, 15.5, 7.5 ],
            "to": [ 10, 15.75, 8.25 ],
            "faces": {
                "down": { "uv": [ 6.875, 13.0625, 7.8125, 13.25 ], "texture": "#lotus_tile_atlas" },
                "up": { "uv": [ 6.875, 13.0625, 7.8125, 12.875 ], "texture": "#lotus_tile_atlas" },
                "north": { "uv": [ 2.8125, 8.0625, 1.875, 8.125 ], "texture": "#lotus_tile_atlas" },
                "south": { "uv": [ 6.875, 9.6875, 7.8125, 9.75 ], "texture": "#lotus_tile_atlas" },
                "west": { "uv": [ 7.8125, 12.0625, 8, 12.125 ], "texture": "#lotus_tile_atlas" },
                "east": { "uv": [ 8, 12, 7.8125, 12.0625 ], "texture": "#lotus_tile_atlas" }
            }
        }
    ],
    "display": {
        "thirdperson_righthand": {
            "rotation": [ 8, -66, 0 ],
            "scale": [ 0.25, 0.25, 0.25 ]
        },
        "thirdperson_lefthand": {
            "rotation": [ 8, -66, 0 ],
            "scale": [ 0.25, 0.25, 0.25 ]
        },
        "firstperson_righthand": {
            "rotation": [ -2, -58, 3 ],
            "translation": [ 0, 2.0869, 0 ],
            "scale": [ 0.25, 0.25, 0.25 ]
        },
        "firstperson_lefthand": {
            "rotation": [ -2, -58, 3 ],
            "translation": [ 0, 2.0869, 0 ],
            "scale": [ 0.25, 0.25, 0.25 ]
        },
        "gui": {
            "scale": [ 0.5, 0.5, 0.5 ]
        },
        "head": {
            "rotation": [ 90, 0, 0 ],
            "translation": [ 0, 6.73, 0 ],
            "scale": [ 0.25, 0.25, 0.25 ]
        },
        "ground": {
            "translation": [ 0, 3.4782, 0 ],
            "scale": [ 0.5, 0.5, 0.5 ]
        },
        "fixed": {
            "scale": [ 0.5, 0.5, 0.5 ]
        }
    }
}
